NAF_SECTION,Entité,g CO2 / € du secteur,g CO2 /  € de l'entreprise,tonnes CO2 scopes 1 & 2
HÉBERGEMENT ET RESTAURATION,CDC Habitat  ADOMA,35.39174818344916,158498.52350736718,82980
INDUSTRIE MANUFACTURIÈRE,MONTUPET,111.09005926541855,106447.32564981423,25870
ACTIVITÉS IMMOBILIÈRES,CDC Habitat,85.19463342256317,104675.63147904802,71692.34
TRANSPORTS ET ENTREPOSAGE,Keolis Orléans Val de Loire,204.66311751274316,76826.62510971395,12867
INDUSTRIE MANUFACTURIÈRE,Les ateliers du goût SAS,111.09005926541855,38283.50541301536,5356256
ACT SPÉCIALISÉE SCIENTIFIQ  TECHNIQ,MONOPRIX SAS,19.57412416974631,30961.947251326503,131235
INDUSTRIE MANUFACTURIÈRE,Manufacture Francaise des Pneumatiques Michelin,111.09005926541855,28353.48395821858,130028
ACT SPÉCIALISÉE SCIENTIFIQ  TECHNIQ,ArcelorMittal Maizieres Research,19.57412416974631,27764.306498545102,2977
INDUSTRIE MANUFACTURIÈRE,DEFONTAINE SAS,111.09005926541855,25595.524542829644,3404
ACTIVITÉS FINANCIÈRES ET DASSURANCE,Allianz France,0.9862627254439513,24181.451612903224,23988
INDUSTRIE MANUFACTURIÈRE,ROQUETTE,111.09005926541855,22220.958806864735,779735
ACT SPÉCIALISÉE SCIENTIFIQ  TECHNIQ,BRAND FRANCE,19.57412416974631,21239.485039284762,1486262
TRANSPORTS ET ENTREPOSAGE,Besançon Mobilités,204.66311751274316,20691.743108882765,7313
Prdn  distr élec gaz vap  air cond,Uniper France Power,453.26341942164385,17971.52068727129,4364999
COMMERCE  RÉPAR AUTOMOBILE  MOTOCYCLE,SYSTEME U OUEST,10.451564077108435,17416.20626151013,9457
INDUSTRIE MANUFACTURIÈRE,ENTREMONT,111.09005926541855,15421.505622612513,94806.42
ACTIVITÉS FINANCIÈRES ET DASSURANCE,CA Indosuez Wealth France,0.9862627254439513,7220,324.9
INDUSTRIE MANUFACTURIÈRE,LafargeHolcim Ciments,111.09005926541855,7196.084950321234,3566394
INDUSTRIE MANUFACTURIÈRE,Ciments Calcia,111.09005926541855,5321.664232215222,3467115
INDUSTRIE MANUFACTURIÈRE,FERROPEM,111.09005926541855,5309.411981582213,1444568.82
ACT SPÉCIALISÉE SCIENTIFIQ  TECHNIQ,SICF,19.57412416974631,5158.49496864518,176859
TRANSPORTS ET ENTREPOSAGE,TRANSDEV Nancy,204.66311751274316,4923.813840291302,13721
INDUSTRIE MANUFACTURIÈRE,BOREALIS CHIMIE SAS,111.09005926541855,4821.407898546192,1389514
INDUSTRIE MANUFACTURIÈRE,EQIOM,111.09005926541855,4412.8366082778075,1451575
INDUSTRIE MANUFACTURIÈRE,Solvay Operations France,111.09005926541855,4286.890241164843,966295
COMMERCE  RÉPAR AUTOMOBILE  MOTOCYCLE,SYSTEME U Centrale Régionale Sud,10.451564077108435,3791.421851303613,1670
INDUSTRIE MANUFACTURIÈRE,ESSILOR France,111.09005926541855,3574,7148
INDUSTRIE MANUFACTURIÈRE,PetroIneos Manufacturing France,111.09005926541855,3294.933629587562,1483523.85
INDUSTRIE MANUFACTURIÈRE,ARCONIC FIXATION SIMMONDS SAS,111.09005926541855,3181.496238948919,905131
COMMERCE  RÉPAR AUTOMOBILE  MOTOCYCLE,SYSTEME U CENTRALE REGIONALE EST,10.451564077108435,2967.1662763466043,1266.98
Gestion eau déchets  dépollution,SUEZ Recyclage  Valorisation France,253.7705462417691,2573.564838520307,935973.11
Prdn  distr élec gaz vap  air cond,DALKIA,453.26341942164385,2500.92061684816,5737397
INDUSTRIE MANUFACTURIÈRE,PARKER HANNIFIN MANUFACTURING FRANCE SAS,111.09005926541855,2413.609797775037,3260
TRANSPORTS ET ENTREPOSAGE,Transavia France,204.66311751274316,2380.7798557467327,765451
ACT SPÉCIALISÉE SCIENTIFIQ  TECHNIQ,CHARIER,19.57412416974631,2225.519843000436,51031.17
ARTS SPECTACLES  ACTIVITÉS RÉCRÉATIVES,Société dExploitation des Eaux et Thermes dEnghien,126.37359682774523,2107.5120453103964,947
TRANSPORTS ET ENTREPOSAGE,Air France,204.66311751274316,2049.4087823198033,14188057
HÉBERGEMENT ET RESTAURATION,McDonalds Lyon Restaurants,35.39174818344916,1736.3136052864663,174.47
TRANSPORTS ET ENTREPOSAGE,Alsace Croisières  Croisieurope,204.66311751274316,1531.677625218008,36333
INDUSTRIE MANUFACTURIÈRE,Pôle Pétrochimique de Berre,111.09005926541855,1348.57953876223,1103448
INDUSTRIE MANUFACTURIÈRE,SAINT LOUIS SUCRE,111.09005926541855,1309.021690011856,365311
INDUSTRIE MANUFACTURIÈRE,YARA FRANCE,111.09005926541855,1301.438136663756,790348
INDUSTRIE MANUFACTURIÈRE,ALVANCE Aluminium Dunkerque,111.09005926541855,1241.8985428966607,749652
Gestion eau déchets  dépollution,Trédi,253.7705462417691,1185.1720979701556,320621
INDUSTRIE MANUFACTURIÈRE,XFAB FRANCE,111.09005926541855,1032.3859450192722,79568
INDUSTRIE MANUFACTURIÈRE,AIR LIQUIDE FRANCE INDUSTRIE,111.09005926541855,1005.4825648338074,1054896
INDUSTRIE MANUFACTURIÈRE,TRIMET FRANCE,111.09005926541855,1002.0531064730297,361008.37
TRANSPORTS ET ENTREPOSAGE,AIR CORSICA,204.66311751274316,894.0090603859288,145009
INDUSTRIE MANUFACTURIÈRE,Herakles,111.09005926541855,859.9565960804946,26153
ACTIVITÉS FINANCIÈRES ET DASSURANCE,HSBC FRANCE,0.9862627254439513,816.2557781201849,4238
ACT SPÉCIALISÉE SCIENTIFIQ  TECHNIQ,Cogepart,19.57412416974631,793.5056801225243,16283
INDUSTRIE MANUFACTURIÈRE,EMIN LEYDIER SA,111.09005926541855,771.7433345252315,215403
INDUSTRIE MANUFACTURIÈRE,OI France SAS,111.09005926541855,771.0849838991237,523946
INDUSTRIE MANUFACTURIÈRE,Wienerberger,111.09005926541855,737.1067654190969,130686
COMMERCE  RÉPAR AUTOMOBILE  MOTOCYCLE,Volkswagen Group France,10.451564077108435,732.5329056360661,4771
INDUSTRIE MANUFACTURIÈRE,TERREAL,111.09005926541855,723.445759462141,205401
TRANSPORTS ET ENTREPOSAGE,TRANSPORTS RENE MADRIAS,204.66311751274316,714.0757531324092,50065
AUTRES ACTIVITÉS DE SERVICES,AVEM Holding,34.512807637621336,709.2166182815716,1242
INDUSTRIE MANUFACTURIÈRE,CRISTAL UNIONSociété coopérative agricole à capital variable,111.09005926541855,708.4559056085468,715027.51
ACT SPÉCIALISÉE SCIENTIFIQ  TECHNIQ,VIVARTE,19.57412416974631,702.6666306608346,8222.47
INDUSTRIE MANUFACTURIÈRE,Rhodia Opération France,111.09005926541855,687.1978503069437,937028
Gestion eau déchets  dépollution,COVED,253.7705462417691,685.3846395434614,248957
Prdn  distr élec gaz vap  air cond,ENGIE ENERGIE SERVICES SA,453.26341942164385,648.4629850985473,3107445
ACTIVITÉS DE SCE ADMINISTR  DE SOUTIEN,Elior Services Facility Management,11.337593411672346,632.534732977542,18158
ACTIVITÉS FINANCIÈRES ET DASSURANCE,Partenaires Livres,0.9862627254439513,622.2097521490185,501.18
INDUSTRIE MANUFACTURIÈRE,KEM ONE SAS,111.09005926541855,591.8126921802583,512450
TRANSPORTS ET ENTREPOSAGE,Groupe Transports Mooland,204.66311751274316,590.5062876873164,12892
INDUSTRIE MANUFACTURIÈRE,RECTICEL SAS,111.09005926541855,571.2187715684951,43216
TRANSPORTS ET ENTREPOSAGE,GROUPE CHALAVAN ET DUC,204.66311751274316,545.5635941681096,55811.83
INDUSTRIE MANUFACTURIÈRE,Arc International France,111.09005926541855,536.9761451052619,239397.74
TRANSPORTS ET ENTREPOSAGE,Transports Capelle,204.66311751274316,531.7079357056608,47263.52
INDUSTRIE MANUFACTURIÈRE,EDILIANS,111.09005926541855,529.8979637128987,162456.3
INDUSTRIE MANUFACTURIÈRE,Vencorex France,111.09005926541855,520.2378577921266,123284
INDUSTRIE MANUFACTURIÈRE,TEREOS STARCH  SWETENERS EUROPE,111.09005926541855,515.4997813589051,308044
TRANSPORTS ET ENTREPOSAGE,Casino GuichardPerrachon logistique,204.66311751274316,496.22008511397695,99500.8
Prdn  distr élec gaz vap  air cond,EDF,453.26341942164385,483.4624535514743,36169760
TRANSPORTS ET ENTREPOSAGE,TRATEL,204.66311751274316,473.2636180892915,45770.9
Gestion eau déchets  dépollution,SITA SUD,253.7705462417691,469.9721518534372,86259.89
INFORMATION ET COMMUNICATION,Jamespot,3.7966957841262348,444.82956137197993,1672
INDUSTRIE MANUFACTURIÈRE,thyssenkrupp Electrical Steel UGO SAS,111.09005926541855,439.2873417721519,34703.7
INDUSTRIE MANUFACTURIÈRE,SINIAT,111.09005926541855,435.4909118137257,184392
ACTIVITÉS DE SCE ADMINISTR  DE SOUTIEN,Servair,11.337593411672346,430.2524950137553,21383
INDUSTRIE MANUFACTURIÈRE,KIMBERLY CLARK SAS,111.09005926541855,429.195144023584,81247
TRANSPORTS ET ENTREPOSAGE,KEOLIS ARMOR,204.66311751274316,417.53018196827907,15780
COMMERCE  RÉPAR AUTOMOBILE  MOTOCYCLE,U Enseigne,10.451564077108435,414.13667278171573,5193.09
INDUSTRIE MANUFACTURIÈRE,McCAIN ALIMENTAIRE SAS,111.09005926541855,407.43573674079687,102610
INDUSTRIE MANUFACTURIÈRE,PLACOPLATRE,111.09005926541855,402.56359023885597,187915
TRANSPORTS ET ENTREPOSAGE,Keolis Atlantique,204.66311751274316,381.97420595070395,13274.8
TRANSPORTS ET ENTREPOSAGE,VFD,204.66311751274316,375.71160106824914,9281.57
INDUSTRIE MANUFACTURIÈRE,ARKEMA FRANCE,111.09005926541855,355.35559239087536,900400
INDUSTRIE MANUFACTURIÈRE,EJ Picardie,111.09005926541855,354.588509101324,41043.61
INDUSTRIE MANUFACTURIÈRE,SGD SA,111.09005926541855,344.4217092318537,75207
INDUSTRIE MANUFACTURIÈRE,Rockwool France SAS,111.09005926541855,341.0267358615698,112973
INDUSTRIE MANUFACTURIÈRE,Total Raffinage France,111.09005926541855,339.1345564267482,7152959.1
Gestion eau déchets  dépollution,SUEZ RV OSIS Proximité Ouest  SudEst,253.7705462417691,316.3567847016953,26231.39
TRANSPORTS ET ENTREPOSAGE,TRANSPORTS BREGER,204.66311751274316,308.1285739571031,38360
INDUSTRIE MANUFACTURIÈRE,SA LA FONTE ARDENNAISE,111.09005926541855,306.4540716008064,32095.01
INDUSTRIE MANUFACTURIÈRE,ESSITY OPERATIONS FRANCE,111.09005926541855,300.0612615022955,146758
INDUSTRIE MANUFACTURIÈRE,SOCIETE TRANE,111.09005926541855,297.9017382943065,12418
INDUSTRIE MANUFACTURIÈRE,Orano cycle,111.09005926541855,287.33141641157965,120713.1
INDUSTRIE MANUFACTURIÈRE,Laminés Marchands Européens,111.09005926541855,283.38360921142777,62286
INFORMATION ET COMMUNICATION,UGC CINE CITE,3.7966957841262348,281.6293045366716,33417
INDUSTRIE MANUFACTURIÈRE,POLYREY,111.09005926541855,274.2841251498884,31853
INDUSTRIE MANUFACTURIÈRE,LES DERIVES RESINIQUES ET TERPENIQUES,111.09005926541855,273.89222457264515,44237.87
ACTIVITÉS FINANCIÈRES ET DASSURANCE,Banque Populaire Val de France,0.9862627254439513,271.91166321601105,1576
ACTIVITÉS FINANCIÈRES ET DASSURANCE,Credit Agricole Assurances,0.9862627254439513,270.40000000000003,1352
TRANSPORTS ET ENTREPOSAGE,Groupe GUISNEL,204.66311751274316,267.1964837443635,13656
TRANSPORTS ET ENTREPOSAGE,MTA MESSAGERIES TRANSPORTS DE LATLANTIQUE,204.66311751274316,266.9529483482652,17307.64
INDUSTRIE MANUFACTURIÈRE,DILLINGER France,111.09005926541855,255.7513091983615,71377.16
INDUSTRIE MANUFACTURIÈRE,VALEO Matériaux de Friction,111.09005926541855,250.96974381728575,12576
INDUSTRIE MANUFACTURIÈRE,Salzgitter Mannesmann Précision Etirage,111.09005926541855,247.78644901076348,20765
AGRICULTURE SYLVICULTURE ET PÊCHE,Union EVOLUTION et Coopérative EVOLUTION,32.21353907408442,228.19434416010716,12450
COMMERCE  RÉPAR AUTOMOBILE  MOTOCYCLE,ALINEA,10.451564077108435,220.26155274981804,1404
TRANSPORTS ET ENTREPOSAGE,STORENGY,204.66311751274316,216.03792694773682,129703
INDUSTRIE MANUFACTURIÈRE,Industeel France,111.09005926541855,215.22415640922478,120892.7
ACTIVITÉS FINANCIÈRES ET DASSURANCE,Caisse dEpargne Aquitaine PoitouCharentes,0.9862627254439513,213.11081762516508,1775
TRANSPORTS ET ENTREPOSAGE,CITRAM AQUITAINE,204.66311751274316,203.06064011787115,11420.21
TRANSPORTS ET ENTREPOSAGE,Groupe CAYON,204.66311751274316,194.34494659240247,28555
INDUSTRIE MANUFACTURIÈRE,Bridgestone France SAS,111.09005926541855,192.40524109886945,24754
CONSTRUCTION,Bouygues Energies  Services FM France,36.54854887929035,184.893683031475,46837.86
TRANSPORTS ET ENTREPOSAGE,ITM Logistique Alimentaire International,204.66311751274316,183.21556922848336,240356
INDUSTRIE MANUFACTURIÈRE,EUROSERUM SAS,111.09005926541855,182.34753423976315,80072.65
INDUSTRIE MANUFACTURIÈRE,ADISSEO FRANCE SAS,111.09005926541855,182.2729071925323,233213
TRANSPORTS ET ENTREPOSAGE,Transports Marne et Morin,204.66311751274316,181.59438536734027,7353
Prdn  distr élec gaz vap  air cond,ENGIE S A,453.26341942164385,180.0017060644435,10234177
ACTIVITÉS FINANCIÈRES ET DASSURANCE,Caisse dEpargne dAuvergne et du Limousin,0.9862627254439513,179.60327727468737,833
TRANSPORTS ET ENTREPOSAGE,TRANSDEV ILE DE FRANCE,204.66311751274316,177.4783803516282,39137
TRANSPORTS ET ENTREPOSAGE,Transports du Val dOise,204.66311751274316,177.458941506769,9708
CONSTRUCTION,Colas  Rhone Alpes Auvergne,36.54854887929035,175.2239048443091,97569
CONSTRUCTION,VALERIAN,36.54854887929035,174.8387458304886,22352
ACT SPÉCIALISÉE SCIENTIFIQ  TECHNIQ,GALDERMA RD,19.57412416974631,173.95814776838026,6061.21
TRANSPORTS ET ENTREPOSAGE,SAEML TAMM Transports de lagglomération de Metz Métropole,204.66311751274316,173.83688840413984,7899.03
CONSTRUCTION,Bouygues Bâtiment France Europe,36.54854887929035,172.5078798118434,31815
ACTIVITÉS FINANCIÈRES ET DASSURANCE,Banque Populaire Occitane,0.9862627254439513,171.37324511860578,2124
ARTS SPECTACLES  ACTIVITÉS RÉCRÉATIVES,Société du Parc du Futuroscope,126.37359682774523,170.97717671779188,10746.7
TRANSPORTS ET ENTREPOSAGE,Keolis SA,204.66311751274316,168.80331206268283,986706
Gestion eau déchets  dépollution,NICOLLIN SAS,253.7705462417691,168.701907595519,22690
TRANSPORTS ET ENTREPOSAGE,TRANSPOLE SA,204.66311751274316,166.37119434803768,49944
ACT SPÉCIALISÉE SCIENTIFIQ  TECHNIQ,AUBERT  DUVAL,19.57412416974631,163.73912167221164,87791
INDUSTRIE MANUFACTURIÈRE,SOFIDEL France,111.09005926541855,161.41295568804043,45337
INDUSTRIE MANUFACTURIÈRE,Silec Cable,111.09005926541855,160.3054493756624,48618
ACTIVITÉS DE SCE ADMINISTR  DE SOUTIEN,RLST SAS,11.337593411672346,159.3697581299713,9425
INDUSTRIE MANUFACTURIÈRE,SaintGobain Isover,111.09005926541855,158.47069538504022,82861
TRANSPORTS ET ENTREPOSAGE,SEMITTEL,204.66311751274316,158.4679484867601,3220.73
INDUSTRIE MANUFACTURIÈRE,Goodyear Dunlop Tires Amiens Sud,111.09005926541855,158.03718795178523,11580
ACTIVITÉS FINANCIÈRES ET DASSURANCE,BANQUE POPULAIRE BOURGOGNE FRANCHE COMTE,0.9862627254439513,156.44002211166392,1981
TRANSPORTS ET ENTREPOSAGE,TRANSDEV SAINT ETIENNE,204.66311751274316,155.04255829691323,9200.92
INDUSTRIE MANUFACTURIÈRE,CONSTELLIUM NeufBrisach,111.09005926541855,154.2875295934027,148030.7
HÉBERGEMENT ET RESTAURATION,Sodexo en France,35.39174818344916,154.12005309445468,36786
INDUSTRIE MANUFACTURIÈRE,AREVA NP SAS,111.09005926541855,153.83663162922247,32413
Prdn  distr élec gaz vap  air cond,GRDF,453.26341942164385,153.2785446715145,699576
ACT SPÉCIALISÉE SCIENTIFIQ  TECHNIQ,Jacquet Panification,19.57412416974631,152.1072848393682,11325.3
CONSTRUCTION,COLAS CentreOuest,36.54854887929035,151.86319936201645,105849
Gestion eau déchets  dépollution,TAIS,253.7705462417691,147.9114269646854,11566
INDUSTRIE MANUFACTURIÈRE,VANDEMOORTELE BAKERY PRODUCTS FRANCE,111.09005926541855,145.70748517152234,17263
TRANSPORTS ET ENTREPOSAGE,KEOLIS LYON,204.66311751274316,143.13108466969757,58142
TRANSPORTS ET ENTREPOSAGE,Keolis Bordeaux Metropole,204.66311751274316,142.07511798682452,33229
INDUSTRIE MANUFACTURIÈRE,Ford Aquitaine Industries,111.09005926541855,140.63738852391492,7584
ACTIVITÉS DE SCE ADMINISTR  DE SOUTIEN,Pierrette  TBA,11.337593411672346,138.65624551680654,7357
TRANSPORTS ET ENTREPOSAGE,Aéroport de la Réunion Roland Garros,204.66311751274316,138.00744548838858,6228
Gestion eau déchets  dépollution,OTUS,253.7705462417691,137.24519158539255,10415
INDUSTRIE MANUFACTURIÈRE,HOWMET,111.09005926541855,135.39131815540375,9667.45
ACTIVITÉS DE SCE ADMINISTR  DE SOUTIEN,MAJ,11.337593411672346,133.8100724680795,81268
INDUSTRIE MANUFACTURIÈRE,CONSTELLIUM ISSOIRE,111.09005926541855,132.85855016771418,52220
INDUSTRIE MANUFACTURIÈRE,saverglass,111.09005926541855,129.51667395340883,50029
INDUSTRIE MANUFACTURIÈRE,PCAS,111.09005926541855,126.08575241068506,25040
Prdn  distr élec gaz vap  air cond,RTE,453.26341942164385,125.84992613750984,595151.6
CONSTRUCTION,COLAS MIDI MEDITERRANEE,36.54854887929035,123.43220068008014,71523
COMMERCE  RÉPAR AUTOMOBILE  MOTOCYCLE,CORA SAS,10.451564077108435,119.08995425516342,466174
Gestion eau déchets  dépollution,VEOLIA PROPRETE NORD NORMANDIE,253.7705462417691,112.81598210095203,13689
INDUSTRIE MANUFACTURIÈRE,smart France SAS,111.09005926541855,111.7811593175345,20300
INDUSTRIES EXTRACTIVES,CIE SALINS MIDI SALINES EST,111.08714408973252,111.08714408973252,18025
Gestion eau déchets  dépollution,PAUL GRANDJOUAN SACO,253.7705462417691,109.57010672838076,16798
INDUSTRIE MANUFACTURIÈRE,Maubeuge Construction Automobile MCA,111.09005926541855,106.2846298029287,28786
TRANSPORTS ET ENTREPOSAGE,TAM,204.66311751274316,104.84452745382673,10495
INDUSTRIE MANUFACTURIÈRE,LA NORMANDISE,111.09005926541855,103.93816753887795,11749
ACT SPÉCIALISÉE SCIENTIFIQ  TECHNIQ,CARSO LSEHL,19.57412416974631,103.65012905023424,6558.7
INDUSTRIE MANUFACTURIÈRE,HANON SYSTEMS CHARLEVILLE,111.09005926541855,103.38291011236049,6120
Gestion eau déchets  dépollution,Veolia Eau France,253.7705462417691,102.96988827288713,231376
ACTIVITÉS FINANCIÈRES ET DASSURANCE,Kering,0.9862627254439513,102.83051095097902,2186
TRANSPORTS ET ENTREPOSAGE,Keolis Dijon Mobilités,204.66311751274316,102.80617116693305,7852
CONSTRUCTION,VINCI CONSTRUCTION TERRASSEMENT,36.54854887929035,102.43808482348116,49461
TRANSPORTS ET ENTREPOSAGE,DISPEO,204.66311751274316,100.34264294777134,2490.3
INDUSTRIE MANUFACTURIÈRE,FLEXNGATE MARLES,111.09005926541855,99.83835012707182,10719.8
INDUSTRIE MANUFACTURIÈRE,SAS LISI AEROSPACE FORGES DE BOLOGNE,111.09005926541855,97.80434338209929,10243.4
Gestion eau déchets  dépollution,Esterra,253.7705462417691,96.93153593173943,9185
ACTIVITÉS IMMOBILIÈRES,Immobilière 3F  RUF,85.19463342256317,90.92706601852127,165091
INDUSTRIE MANUFACTURIÈRE,Ugitech,111.09005926541855,90.18572065649721,86708
INDUSTRIE MANUFACTURIÈRE,Chevron Oronite SAS,111.09005926541855,86.83104808591375,56499
INDUSTRIE MANUFACTURIÈRE,Harsco Metals  Minerals France SAS,111.09005926541855,86.50511354771416,9241.37
Gestion eau déchets  dépollution,EBS LE RELAIS NPDC,253.7705462417691,85.6121901962763,4964
INDUSTRIE MANUFACTURIÈRE,DS SMITH PACKAGING NORDEST,111.09005926541855,85.32112440816064,14955
TRANSPORTS ET ENTREPOSAGE,KEOLIS RENNES,204.66311751274316,84.08943391048918,11236.55
INDUSTRIE MANUFACTURIÈRE,Le Creuset SAS,111.09005926541855,83.96504607477769,7660
COMMERCE  RÉPAR AUTOMOBILE  MOTOCYCLE,MAXIMO SAS,10.451564077108435,83.32924238312354,17638
TRANSPORTS ET ENTREPOSAGE,KUEHNE  NAGEL ROAD,204.66311751274316,83.26605230829729,62237.27
ACTIVITÉS IMMOBILIÈRES,CDC Habitat  OSICA,85.19463342256317,82.36282979220172,105828
INDUSTRIE MANUFACTURIÈRE,Compagnie des Fromages et RichesMonts,111.09005926541855,82.13810449006216,55906
INDUSTRIE MANUFACTURIÈRE,Laiteries HTriballat,111.09005926541855,80.64524341181175,17423
TRANSPORTS ET ENTREPOSAGE,Euromatic,204.66311751274316,80.63069924015045,6864.4
ACTIVITÉS DE SCE ADMINISTR  DE SOUTIEN,SODI,11.337593411672346,80.35995530597381,5947
ACT SPÉCIALISÉE SCIENTIFIQ  TECHNIQ,Ingerop,19.57412416974631,79.79335705057137,2067.4
AUTRES ACTIVITÉS DE SERVICES,Initial,34.512807637621336,77.90006169564809,23355
CONSTRUCTION,Eiffage Route SudOuest,36.54854887929035,77.68997719821161,19050.78
INDUSTRIE MANUFACTURIÈRE,ARCELOR MITTAL CONSTRUCTION FRANCE,111.09005926541855,77.34618834229626,38712
INDUSTRIE MANUFACTURIÈRE,STMicroelectronics,111.09005926541855,77.31116759992901,65548
COMMERCE  RÉPAR AUTOMOBILE  MOTOCYCLE,AXEREAL,10.451564077108435,77.11124988105114,60154
CONSTRUCTION,Philippe LASSARAT SAS,36.54854887929035,76.48688051223385,5945
CONSTRUCTION,GUINTOLI,36.54854887929035,75.69713295609789,40174.05
AUTRES ACTIVITÉS DE SERVICES,AD3,34.512807637621336,75.57051556711686,2123
INDUSTRIE MANUFACTURIÈRE,Maitre Prunille SAS,111.09005926541855,74.5277324054675,13424
INDUSTRIE MANUFACTURIÈRE,Sealynx International,111.09005926541855,72.41546386934893,3733
INDUSTRIE MANUFACTURIÈRE,MARINE HARVEST KRITSEN SAS,111.09005926541855,72.20251612113722,2353
INDUSTRIE MANUFACTURIÈRE,SCANIA PRODUCTION ANGERS,111.09005926541855,71.81813286666015,9547
CONSTRUCTION,EUROVIA ALSACE LORRAINE,36.54854887929035,71.7413311325363,17384.67
INDUSTRIE MANUFACTURIÈRE,INGREDIA SA,111.09005926541855,70.41213927833662,26226
INDUSTRIE MANUFACTURIÈRE,GAMBRO INDUSTRIES,111.09005926541855,70.10126874556072,8565.8
INDUSTRIE MANUFACTURIÈRE,YOPLAIT FRANCE,111.09005926541855,68.82451014858137,35355
Gestion eau déchets  dépollution,VEOLIA PROPRETE AQUITAINE,253.7705462417691,68.68809056746694,6143
TRANSPORTS ET ENTREPOSAGE,Compagnie des Transports Strasbourgeois,204.66311751274316,68.33046493522535,15129
INDUSTRIE MANUFACTURIÈRE,BLEDINA,111.09005926541855,66.48416552062942,46033.76
INDUSTRIE MANUFACTURIÈRE,SNF SA,111.09005926541855,65.74634741699923,54715
INDUSTRIE MANUFACTURIÈRE,DUC,111.09005926541855,65.57035685552599,11283.18
INDUSTRIE MANUFACTURIÈRE,LDC SABLE,111.09005926541855,65.50291958723949,52300
INDUSTRIE MANUFACTURIÈRE,Aperam Alloys Imphy,111.09005926541855,65.2862112845546,30762
TRANSPORTS ET ENTREPOSAGE,Geodis Bernis,204.66311751274316,64.90836329015906,7089
INDUSTRIE MANUFACTURIÈRE,Crown Emballage France SA,111.09005926541855,64.66148636506527,27058
INDUSTRIE MANUFACTURIÈRE,PROCTER et GAMBLE AMIENS SAS,111.09005926541855,63.471685962795235,15321
ACTIVITÉS IMMOBILIÈRES,RIVP,85.19463342256317,63.08993474722032,41441.07
Gestion eau déchets  dépollution,VEOLIA PROPRETE ILEDEFRANCE,253.7705462417691,62.84197564348842,5133
INDUSTRIE MANUFACTURIÈRE,BONDUELLE EUROPE LONG LIFE,111.09005926541855,61.9905671088132,48800
Gestion eau déchets  dépollution,SAUR SAS,253.7705462417691,61.4178691632428,92591
INDUSTRIE MANUFACTURIÈRE,FLEXNGATE FRANCE,111.09005926541855,61.28504837151816,14804.1
INDUSTRIE MANUFACTURIÈRE,FMC TECHNOLOGIE,111.09005926541855,61.232164476405764,1618
INDUSTRIE MANUFACTURIÈRE,Jean STALAVEN SAS,111.09005926541855,60.819288190230914,11851.9
SANTÉ HUMAINE ET ACTION SOCIALE,ORPEA SA,38.179840396068116,60.79751007807055,61744
ARTS SPECTACLES  ACTIVITÉS RÉCRÉATIVES,Société des Hôtels et Casino de Deauville,126.37359682774523,60.51451134951087,3394
INDUSTRIE MANUFACTURIÈRE,COMPAGNIE MADRANGE,111.09005926541855,60.20356405386019,8396
CONSTRUCTION,NGE Fondations,36.54854887929035,59.14749750801496,9970.46
INDUSTRIE MANUFACTURIÈRE,SAICA PACK FRANCE,111.09005926541855,58.86374117840995,19255.4
CONSTRUCTION,Eiffage Route Nord Est,36.54854887929035,58.69005121228553,21385.73
Gestion eau déchets  dépollution,SITA Centre Est,253.7705462417691,58.43508206625301,30504
INDUSTRIE MANUFACTURIÈRE,NESTLE PURINA PETCARE FRANCE,111.09005926541855,57.9658200482978,45219
CONSTRUCTION,Entreprise Générale LEON GROSSE,36.54854887929035,57.91684815444493,4122
INDUSTRIE MANUFACTURIÈRE,CEREAL PARTNERS FRANCE,111.09005926541855,56.934474168424245,15808
INDUSTRIE MANUFACTURIÈRE,CIAT,111.09005926541855,56.44926281047149,8359.74
INDUSTRIE MANUFACTURIÈRE,Kohler France SAS,111.09005926541855,56.09410867850616,7954
INDUSTRIE MANUFACTURIÈRE,DSM Nutritional Products France SAS,111.09005926541855,55.7843744816551,21407
INDUSTRIE MANUFACTURIÈRE,TRIBALLAT SAS,111.09005926541855,55.69833138227664,13737
INDUSTRIE MANUFACTURIÈRE,LABORATOIRES MSDCHIBRET,111.09005926541855,55.11161840863406,7150
INDUSTRIE MANUFACTURIÈRE,Snwm,111.09005926541855,55.10535070242776,12189
TRANSPORTS ET ENTREPOSAGE,RHENUS LOGISTICS FRANCE SAS,204.66311751274316,54.6720857883129,3808
TRANSPORTS ET ENTREPOSAGE,ITM LEMI,204.66311751274316,54.257355649516626,5375
INDUSTRIE MANUFACTURIÈRE,GE Grid Solutions SAS,111.09005926541855,54.10892916335778,47223
INDUSTRIE MANUFACTURIÈRE,Smurfit Kappa France,111.09005926541855,53.85708724997818,42565
INDUSTRIE MANUFACTURIÈRE,Saipol SAS,111.09005926541855,53.854232490234736,125286
INDUSTRIE MANUFACTURIÈRE,Fromageries Occitanes,111.09005926541855,53.28144320571576,12310.8
INDUSTRIE MANUFACTURIÈRE,LABORATOIRES SERVIER INDUSTRIE,111.09005926541855,53.04180406016466,8593.61
Gestion eau déchets  dépollution,ORTEC ENVIRONNEMENT,253.7705462417691,52.957826217199205,5219.62
INDUSTRIE MANUFACTURIÈRE,ORIL INDUSTRIE SAS,111.09005926541855,52.763824045686825,15051.02
ACT SPÉCIALISÉE SCIENTIFIQ  TECHNIQ,GSM,19.57412416974631,52.036570529918315,14153.19
CONSTRUCTION,Eiffage Génie Civil Terrassement,36.54854887929035,51.98309638480833,17035
TRANSPORTS ET ENTREPOSAGE,France Manche,204.66311751274316,51.89326909929314,25365
TRANSPORTS ET ENTREPOSAGE,DISTRIMAG,204.66311751274316,51.463887017355546,3508.7
ACT SPÉCIALISÉE SCIENTIFIQ  TECHNIQ,SADECGTH,19.57412416974631,51.18262366572133,35592.89
ACTIVITÉS DE SCE ADMINISTR  DE SOUTIEN,KILOUTOU,11.337593411672346,50.588344735642046,25445
INDUSTRIE MANUFACTURIÈRE,COFIDUR EMS,111.09005926541855,49.34192484749642,2492
ACTIVITÉS DE SCE ADMINISTR  DE SOUTIEN,Carrefour voyages,11.337593411672346,48.84723676735298,387
CONSTRUCTION,Bouygues Travaux Publics  Bouygues Travaux Publics Régions France,36.54854887929035,48.57933951946743,71898
CONSTRUCTION,Eurovia Centre Loire,36.54854887929035,48.51732686870958,10164.52
INDUSTRIE MANUFACTURIÈRE,FAREVA Amboise,111.09005926541855,48.22123401889939,3817
COMMERCE  RÉPAR AUTOMOBILE  MOTOCYCLE,SAS MAZAGRAN SERVICE,10.451564077108435,47.9896698447615,25380.83
ACT SPÉCIALISÉE SCIENTIFIQ  TECHNIQ,Casino GuichardPerrachon sièges,19.57412416974631,47.78890913494268,5513.83
SANTÉ HUMAINE ET ACTION SOCIALE,Clinique Belhara,38.179840396068116,47.55468720136847,1208
COMMERCE  RÉPAR AUTOMOBILE  MOTOCYCLE,Delta Security Solutions,10.451564077108435,47.356668852178274,4499.6
CONSTRUCTION,Bouygues Energies  Services,36.54854887929035,47.17109843237376,46837.86
INDUSTRIE MANUFACTURIÈRE,SGSF,111.09005926541855,47.00513856504456,10604
INDUSTRIE MANUFACTURIÈRE,Novo Norsdik Production,111.09005926541855,46.421855595301686,8000
Gestion eau déchets  dépollution,Veolia Propreté,253.7705462417691,46.364574309891566,12390
ACT SPÉCIALISÉE SCIENTIFIQ  TECHNIQ,GROUPE RANDSTAD FRANCE,19.57412416974631,46.20807498670109,5537
INDUSTRIE MANUFACTURIÈRE,EURIAL,111.09005926541855,46.17616545708172,30058
ACTIVITÉS DE SCE ADMINISTR  DE SOUTIEN,Monsanto SAS,11.337593411672346,46.12975534641076,11913
INDUSTRIE MANUFACTURIÈRE,France Transfo,111.09005926541855,45.85633170754966,2716
INDUSTRIE MANUFACTURIÈRE,TIPIAK TRAITEUR PATISSIER,111.09005926541855,45.278776753415436,2615
AUTRES ACTIVITÉS DE SERVICES,OGF,34.512807637621336,45.20323609573533,28591
INDUSTRIE MANUFACTURIÈRE,EGGER Panneaux  Décors,111.09005926541855,45.19064658692226,18734
INDUSTRIE MANUFACTURIÈRE,Labeyrie SAS,111.09005926541855,44.68380934538898,14091
COMMERCE  RÉPAR AUTOMOBILE  MOTOCYCLE,Brandt France,10.451564077108435,44.48661034478294,8573.47
ACTIVITÉS DE SCE ADMINISTR  DE SOUTIEN,THE MARKETINGROUP SAS,11.337593411672346,43.83764768980802,2779
CONSTRUCTION,Ineo Atlantique,36.54854887929035,43.48223414964839,5439
COMMERCE  RÉPAR AUTOMOBILE  MOTOCYCLE,TRANSGOURMET OPERATIONS,10.451564077108435,43.453681346737206,39847.97
Gestion eau déchets  dépollution,SUDEST ASSAINISSEMENT,253.7705462417691,43.44239247866741,9543
CONSTRUCTION,EIFFAGE ROUTE MEDITERRANEE,36.54854887929035,43.41165051788314,15954.15
HÉBERGEMENT ET RESTAURATION,FRANCE QUICK SAS,35.39174818344916,43.399815324069415,8308
INDUSTRIE MANUFACTURIÈRE,Fresenius Medical Care Smad,111.09005926541855,43.38275213984094,9047
CONSTRUCTION,Eiffage Route Centre Est,36.54854887929035,43.34538498558658,15492.43
INDUSTRIE MANUFACTURIÈRE,KP1 SAS,111.09005926541855,42.99856472096236,12078.57
CONSTRUCTION,EIFFAGE Route IDF Centre Ouest,36.54854887929035,42.79842856391192,16526.71
INDUSTRIE MANUFACTURIÈRE,LA VOIX DU NORD,111.09005926541855,42.217924935323275,4814.07
CONSTRUCTION,SPIE BATIGNOLLES MALET,36.54854887929035,42.1197442927327,22592
INDUSTRIE MANUFACTURIÈRE,Brocéliande,111.09005926541855,41.90114305826669,11592
INDUSTRIE MANUFACTURIÈRE,SITPA,111.09005926541855,41.86453005323285,4651
INDUSTRIE MANUFACTURIÈRE,AGIS,111.09005926541855,41.765444176336636,5982
ACTIVITÉS DE SCE ADMINISTR  DE SOUTIEN,Brinks Evolution,11.337593411672346,41.42142523599333,12022
COMMERCE  RÉPAR AUTOMOBILE  MOTOCYCLE,Supermarché Match,10.451564077108435,40.84206143367062,48839
INDUSTRIE MANUFACTURIÈRE,Umicore Building Products France,111.09005926541855,40.73684038320524,13576
CONSTRUCTION,EIFFAGE GENIE CIVIL,36.54854887929035,40.60536119512493,49662
ACT SPÉCIALISÉE SCIENTIFIQ  TECHNIQ,Polyexpert environnement,19.57412416974631,40.07388056778361,133
INDUSTRIE MANUFACTURIÈRE,Valeo Systèmes Thermiques,111.09005926541855,39.79887882106542,20830
TRANSPORTS ET ENTREPOSAGE,Schenker France SAS,204.66311751274316,39.751379526662895,53310
CONSTRUCTION,TSO,36.54854887929035,39.688666054344516,6655.2
SANTÉ HUMAINE ET ACTION SOCIALE,SAS CLINIQUE SAINT VINCENT SAINT PIERRE,38.179840396068116,39.497888566156085,974
INDUSTRIE MANUFACTURIÈRE,BOULANGERIE NEUHAUSER,111.09005926541855,39.49609277780995,12077
INDUSTRIE MANUFACTURIÈRE,MAN Diesel  Turbo France SAS,111.09005926541855,39.22779446841165,8597.34
SANTÉ HUMAINE ET ACTION SOCIALE,HPM NORD,38.179840396068116,39.15435247636215,6040.89
ACTIVITÉS DE SCE ADMINISTR  DE SOUTIEN,Econocom,11.337593411672346,38.80822706693657,616
INDUSTRIE MANUFACTURIÈRE,MARIE SURGELES,111.09005926541855,38.53422561187039,5978
INDUSTRIE MANUFACTURIÈRE,RONSARD,111.09005926541855,38.33780242813278,3800
COMMERCE  RÉPAR AUTOMOBILE  MOTOCYCLE,GIFI SAS,10.451564077108435,38.3308998548459,6656
ACT SPÉCIALISÉE SCIENTIFIQ  TECHNIQ,QUALICONSULT EXPLOITATION,19.57412416974631,38.28076203362965,1752
INDUSTRIE MANUFACTURIÈRE,STMicroelectronics Rousset,111.09005926541855,37.94028813282624,27960.4
INDUSTRIE MANUFACTURIÈRE,STMicroelectronics TOURS SAS,111.09005926541855,37.92856189482747,9450
INDUSTRIE MANUFACTURIÈRE,LUBRIZOL,111.09005926541855,37.53403287617518,34752
INDUSTRIE MANUFACTURIÈRE,NESTLE WATERS SUPPLY EST,111.09005926541855,37.331952020922245,8908.49
SANTÉ HUMAINE ET ACTION SOCIALE,Hôpital privé La Louvière,38.179840396068116,37.07027856522941,2188.85
HÉBERGEMENT ET RESTAURATION,France Restauration Rapide,35.39174818344916,36.96060771586916,1895
INDUSTRIE MANUFACTURIÈRE,Bombardier Transport France SA,111.09005926541855,36.87809575589674,6162
COMMERCE  RÉPAR AUTOMOBILE  MOTOCYCLE,TEXTILOT SA,10.451564077108435,36.74160241286991,6018.2
INDUSTRIE MANUFACTURIÈRE,GARRETT MOTION FRANCE,111.09005926541855,36.68676824017855,2767
CONSTRUCTION,ISERBA,36.54854887929035,36.52345123539744,2751
INDUSTRIE MANUFACTURIÈRE,SAFT SAS,111.09005926541855,36.46554074891726,10861
Prdn  distr élec gaz vap  air cond,Strasbourg Électricité Réseaux SA,453.26341942164385,36.18884595565725,9977
CONSTRUCTION,ENTREPRISE MARC SA,36.54854887929035,36.065152817210475,3627
INDUSTRIE MANUFACTURIÈRE,VIESSMANN FAULQUEMONT SAS,111.09005926541855,35.93327320011145,4518
CONSTRUCTION,Gagneraud Construction,36.54854887929035,35.90634931871857,6266
INDUSTRIE MANUFACTURIÈRE,ARRIVE,111.09005926541855,35.82521827766778,21380
COMMERCE  RÉPAR AUTOMOBILE  MOTOCYCLE,Sapa Building Systems France,10.451564077108435,35.65544894232132,11188
ACTIVITÉS FINANCIÈRES ET DASSURANCE,Caisse Fédérale du Crédit Mutuel Maine Anjou Basse Normandie,0.9862627254439513,35.5677715786019,867
INDUSTRIE MANUFACTURIÈRE,MercedesBenz Trucks Molsheim,111.09005926541855,35.51603909843524,2639
ACTIVITÉS DE SCE ADMINISTR  DE SOUTIEN,LABRENNE,11.337593411672346,35.476205981947174,140
CONSTRUCTION,PORTALP FRANCE,36.54854887929035,35.158564317881336,3062.03
TRANSPORTS ET ENTREPOSAGE,FRANCE HANDLING,204.66311751274316,34.78091644373714,3966.2
SANTÉ HUMAINE ET ACTION SOCIALE,CMC Ambroise Paré  Pierre CHerest  Hartmann,38.179840396068116,34.67544908649538,3056
INDUSTRIE MANUFACTURIÈRE,Euralis Gastronomie,111.09005926541855,34.61517530474885,9894
INDUSTRIE MANUFACTURIÈRE,Mylan Laboratories SAS,111.09005926541855,34.60017556596169,3465.3
INDUSTRIE MANUFACTURIÈRE,Gascognebois,111.09005926541855,34.56830264019399,2709
INDUSTRIE MANUFACTURIÈRE,NOVARES FRANCE SAS,111.09005926541855,34.47432627677489,5357
CONSTRUCTION,ATALIAN MULTITECHNIQUE,36.54854887929035,34.40113708650179,3742.68
INDUSTRIE MANUFACTURIÈRE,SKF Aeroengine France,111.09005926541855,34.162281825198654,3079.93
INDUSTRIE MANUFACTURIÈRE,CANDIA,111.09005926541855,33.9811902358287,40323.5
COMMERCE  RÉPAR AUTOMOBILE  MOTOCYCLE,Casino GuichardPerrachon magasins,10.451564077108435,33.93340642332001,263085.7
TRANSPORTS ET ENTREPOSAGE,TRAPIL,204.66311751274316,33.70469874311909,5382
INDUSTRIE MANUFACTURIÈRE,Société des Eaux de Volvic,111.09005926541855,33.445244116295626,16439
COMMERCE  RÉPAR AUTOMOBILE  MOTOCYCLE,ALDI MARCHE CESTAS SARL,10.451564077108435,33.245108018470376,8556.3
COMMERCE  RÉPAR AUTOMOBILE  MOTOCYCLE,ALDI MARCHE COLMAR SARL,10.451564077108435,33.20216921190715,8177.95
INDUSTRIE MANUFACTURIÈRE,DAVEY BICKFORD,111.09005926541855,32.992739906952025,3045
TRANSPORTS ET ENTREPOSAGE,Aéroports de Paris SA,204.66311751274316,32.86968449931413,71886
INFORMATION ET COMMUNICATION,TDF,3.7966957841262348,32.61390722641611,28501
INDUSTRIE MANUFACTURIÈRE,NCS,111.09005926541855,32.412254271599345,6149
TRANSPORTS ET ENTREPOSAGE,Société de Fret et de Services,204.66311751274316,32.299000243476115,2009.5
HÉBERGEMENT ET RESTAURATION,Restoria,35.39174818344916,31.41641035299451,1579
INDUSTRIE MANUFACTURIÈRE,MAGNETI MARELLI,111.09005926541855,31.135097829823554,7146
INDUSTRIE MANUFACTURIÈRE,MACOPRODUCTIONS,111.09005926541855,30.96213976978937,4796.82
ACTIVITÉS FINANCIÈRES ET DASSURANCE,CAISSE DEPARGNE MIDIPYRENEES,0.9862627254439513,30.851130066621007,991
TRANSPORTS ET ENTREPOSAGE,Société dExploitation des Ports du Détroit,204.66311751274316,30.66643253671766,2672
ACT SPÉCIALISÉE SCIENTIFIQ  TECHNIQ,ASTEN SAS,19.57412416974631,30.6264208133367,4365
INDUSTRIE MANUFACTURIÈRE,DELIFRANCE,111.09005926541855,30.457343960367023,11017
CONSTRUCTION,Chubb France,36.54854887929035,30.334439109295413,10493.06
ACT SPÉCIALISÉE SCIENTIFIQ  TECHNIQ,APAVE NORD OUEST SAS,19.57412416974631,29.99852420755045,5780
INDUSTRIE MANUFACTURIÈRE,Rector Lesage,111.09005926541855,29.833100617643318,5624
INDUSTRIE MANUFACTURIÈRE,Socomec SAS France,111.09005926541855,29.81337685630054,9365
INDUSTRIE MANUFACTURIÈRE,OVH,111.09005926541855,29.71162764854223,16981
ACT SPÉCIALISÉE SCIENTIFIQ  TECHNIQ,SGS France,19.57412416974631,29.68323536154124,5781
INDUSTRIE MANUFACTURIÈRE,Bonduelle Traiteur International SAS,111.09005926541855,29.570984547210358,3025
HÉBERGEMENT ET RESTAURATION,RESDIDA,35.39174818344916,29.51596633320876,597
TRANSPORTS ET ENTREPOSAGE,FEDEX INTERNATIONAL,204.66311751274316,29.357278060793707,2223
INDUSTRIE MANUFACTURIÈRE,Pompes GRUNDFOS France,111.09005926541855,29.3454945591656,1486
ACTIVITÉS DE SCE ADMINISTR  DE SOUTIEN,ista,11.337593411672346,29.25504835445395,2727
INDUSTRIE MANUFACTURIÈRE,Eurial Beurre Fromage,111.09005926541855,28.774199859297457,15295
INDUSTRIE MANUFACTURIÈRE,SVA Jean Rozé,111.09005926541855,28.54857991045837,20398
ACT SPÉCIALISÉE SCIENTIFIQ  TECHNIQ,Institut de Soudure,19.57412416974631,28.423299032840283,4411.89
HÉBERGEMENT ET RESTAURATION,Select Service Partner France,35.39174818344916,28.306073438572067,848
INDUSTRIE MANUFACTURIÈRE,CREUZET AERONAUTIQUE,111.09005926541855,28.27602745233812,2837.32
COMMERCE  RÉPAR AUTOMOBILE  MOTOCYCLE,ALDI ENNERY SARL,10.451564077108435,28.136012743096092,5466.21
INDUSTRIE MANUFACTURIÈRE,PETIT BATEAU FRANCE,111.09005926541855,28.068538570762705,4363.1
INDUSTRIE MANUFACTURIÈRE,BIORAD SNC,111.09005926541855,28.014958101232033,2792
INFORMATION ET COMMUNICATION,SAS GROUPE NICE MATIN,3.7966957841262348,27.780611594091344,1910
TRANSPORTS ET ENTREPOSAGE,GEODIS WALBAUM,204.66311751274316,27.67729047791298,5676
INDUSTRIE MANUFACTURIÈRE,FPT POWERTRAIN TECHNOLOGIES FRANCE SA,111.09005926541855,27.63111865266628,11635
ACT SPÉCIALISÉE SCIENTIFIQ  TECHNIQ,McDonalds France Services,19.57412416974631,27.607201668256124,2578.13
INDUSTRIE MANUFACTURIÈRE,Kronenbourg SAS,111.09005926541855,27.55383128733484,23829
INDUSTRIE MANUFACTURIÈRE,HARIBO RICQLES ZAN,111.09005926541855,27.5161635114316,6834
COMMERCE  RÉPAR AUTOMOBILE  MOTOCYCLE,Sysco France,10.451564077108435,27.443345756536218,32256.24
COMMERCE  RÉPAR AUTOMOBILE  MOTOCYCLE,COLRUYT RETAIL FRANCE,10.451564077108435,27.44205992422437,16059
INDUSTRIE MANUFACTURIÈRE,COMPAGNIE LAMPAULAISE DE SALAISON,111.09005926541855,27.376120916444442,4549
INDUSTRIE MANUFACTURIÈRE,BRIDOR,111.09005926541855,27.3409973764565,12200
CONSTRUCTION,SAS BRUNET,36.54854887929035,27.10864350325897,3762.89
INDUSTRIE MANUFACTURIÈRE,AXIMA REFRIGERATION FRANCE,111.09005926541855,26.993688609098918,11324
CONSTRUCTION,INEO MPLR,36.54854887929035,26.607737010689362,4476.7
INDUSTRIE MANUFACTURIÈRE,BEL SA,111.09005926541855,26.44733977525832,37902
INDUSTRIE MANUFACTURIÈRE,DANONE PRODUITS FRAIS FRANCE,111.09005926541855,26.23828028103658,37478.84
INDUSTRIE MANUFACTURIÈRE,DELPEYRAT,111.09005926541855,26.19109425306951,6760
ACTIVITÉS DE SCE ADMINISTR  DE SOUTIEN,ORAK,11.337593411672346,25.908165517918025,50.7
COMMERCE  RÉPAR AUTOMOBILE  MOTOCYCLE,ALDI MARCHE ABLIS SARL,10.451564077108435,25.42867489547676,7485.9
COMMERCE  RÉPAR AUTOMOBILE  MOTOCYCLE,BDMS DISTRIBUTION,10.451564077108435,25.424306890077453,6941.15
ACTIVITÉS DE SCE ADMINISTR  DE SOUTIEN,Xerox Technology Services,11.337593411672346,25.28259217091329,3000
INDUSTRIE MANUFACTURIÈRE,Legrand France SA,111.09005926541855,25.241545893719806,20900
INDUSTRIE MANUFACTURIÈRE,SEB SA,111.09005926541855,25.037822809429507,3884
ACT SPÉCIALISÉE SCIENTIFIQ  TECHNIQ,ADREXO,19.57412416974631,24.81652373598911,5460
INDUSTRIE MANUFACTURIÈRE,Kermené,111.09005926541855,24.726849610606447,26144.39
ACT SPÉCIALISÉE SCIENTIFIQ  TECHNIQ,Institut Technique Gaz et Air ITGA,19.57412416974631,24.65935937624529,1401
CONSTRUCTION,MISSENARDQUINT B,36.54854887929035,24.637681569277785,2178
INDUSTRIE MANUFACTURIÈRE,Ethypharm,111.09005926541855,24.3072801510981,3746
COMMERCE  RÉPAR AUTOMOBILE  MOTOCYCLE,OCEALIA,10.451564077108435,24.2296646059485,19910
INDUSTRIE MANUFACTURIÈRE,Grands Moulins de Paris,111.09005926541855,24.227102535161993,11634
CONSTRUCTION,EI JP FAUCHE,36.54854887929035,24.107282068467804,3505
CONSTRUCTION,EIFFAGE ENEGIE SYSTEMES TELECOM SUDEST,36.54854887929035,24.085630267770533,3438.03
HÉBERGEMENT ET RESTAURATION,le 19 avenue Kléber,35.39174818344916,23.972362182898117,317.39
INDUSTRIE MANUFACTURIÈRE,EES  Clemessy Services,111.09005926541855,23.938410042588206,4504
TRANSPORTS ET ENTREPOSAGE,AUCHAN HYPERMARCHES LOGISTIQUE SAS,204.66311751274316,23.909517949215843,14105
CONSTRUCTION,INEO HautsdeFrance,36.54854887929035,23.58100097373632,2254
ACTIVITÉS DE SCE ADMINISTR  DE SOUTIEN,STPI,11.337593411672346,23.44724875052837,991.6
INDUSTRIE MANUFACTURIÈRE,Fresenius Kabi France,111.09005926541855,23.40081409091183,7327
ACT SPÉCIALISÉE SCIENTIFIQ  TECHNIQ,Apave Sudeurope SAS,19.57412416974631,23.341556354356428,7705.4
COMMERCE  RÉPAR AUTOMOBILE  MOTOCYCLE,CIBOMAT,10.451564077108435,23.043766674649024,4597
INDUSTRIE MANUFACTURIÈRE,Moteurs LeroySomer,111.09005926541855,22.98443810344157,11958
ACT SPÉCIALISÉE SCIENTIFIQ  TECHNIQ,GL events,19.57412416974631,22.978610457340146,11081.32
INDUSTRIE MANUFACTURIÈRE,CEMOI Confiseur,111.09005926541855,22.93380272339428,3966
INDUSTRIE MANUFACTURIÈRE,Société de Transmissions Automatiques STA,111.09005926541855,22.896666612727717,4668
INDUSTRIE MANUFACTURIÈRE,CONNECTEURS ELECTRIQUES DEUTSCH,111.09005926541855,22.469276664162294,2341.1
AGRICULTURE SYLVICULTURE ET PÊCHE,HM CLAUSE SA,32.21353907408442,22.44348492620243,4208
TRANSPORTS ET ENTREPOSAGE,Aéroport Nice Côte dAzur,204.66311751274316,22.43803584751682,2832.7
HÉBERGEMENT ET RESTAURATION,Hippopotamus,35.39174818344916,22.397076067462233,1560
INDUSTRIE MANUFACTURIÈRE,Société anonyme,111.09005926541855,22.32557634698042,20569
COMMERCE  RÉPAR AUTOMOBILE  MOTOCYCLE,Pro à Pro distribution nord,10.451564077108435,22.165045793101807,7376
INDUSTRIE MANUFACTURIÈRE,ATLANTIC INDUSTRIE,111.09005926541855,22.057109285732555,4476
INDUSTRIE MANUFACTURIÈRE,PUNCH POWERGILDE STRASBOURG,111.09005926541855,21.978363014748858,7674
COMMERCE  RÉPAR AUTOMOBILE  MOTOCYCLE,Berner SARL,10.451564077108435,21.955352278942154,5205
ACT SPÉCIALISÉE SCIENTIFIQ  TECHNIQ,QUALICONSULT,19.57412416974631,21.8565704952828,2150
ACT SPÉCIALISÉE SCIENTIFIQ  TECHNIQ,SILLIKER SAS,19.57412416974631,21.84612181184457,1579
ACT SPÉCIALISÉE SCIENTIFIQ  TECHNIQ,BIC SERVICES,19.57412416974631,21.603329584849636,1659
ACT SPÉCIALISÉE SCIENTIFIQ  TECHNIQ,Apave Alsacienne SAS,19.57412416974631,21.5935875274237,1127.28
COMMERCE  RÉPAR AUTOMOBILE  MOTOCYCLE,DMBP,10.451564077108435,21.457316356930267,8341
COMMERCE  RÉPAR AUTOMOBILE  MOTOCYCLE,Pro à Pro distribution sud,10.451564077108435,21.205722977563223,6356
COMMERCE  RÉPAR AUTOMOBILE  MOTOCYCLE,ALDI MARCHE BOISGRENIER SARL,10.451564077108435,21.204488083440072,6185.1
SANTÉ HUMAINE ET ACTION SOCIALE,clinique ESQUIROL SAINT HILAIRE,38.179840396068116,21.150705979286375,1278
CONSTRUCTION,thyssenkrupp Ascenseurs,36.54854887929035,21.093968331859386,6798.02
CONSTRUCTION,INEO Centre,36.54854887929035,20.85552141538584,1628
CONSTRUCTION,ETABLISSEMENTS POULINGUE,36.54854887929035,20.797760268288908,756
CONSTRUCTION,NGE Génie Civil,36.54854887929035,20.681063534207926,5145.35
HÉBERGEMENT ET RESTAURATION,POMME DE PAIN,35.39174818344916,20.66579013257928,389
Gestion eau déchets  dépollution,Bouygues Construction Services Nucléaires,253.7705462417691,20.64265796276506,1267.28
COMMERCE  RÉPAR AUTOMOBILE  MOTOCYCLE,ALDI BEAUNE SARL,10.451564077108435,20.634427070658734,5828.29
INDUSTRIE MANUFACTURIÈRE,Schaeffler France SAS,111.09005926541855,20.5236553113288,10772
COMMERCE  RÉPAR AUTOMOBILE  MOTOCYCLE,ALDI MARCHE OYTIER SAINT OBLAS SARL,10.451564077108435,20.52106045406959,4980.62
COMMERCE  RÉPAR AUTOMOBILE  MOTOCYCLE,OXYPHARM,10.451564077108435,20.473634801148748,2674
INDUSTRIE MANUFACTURIÈRE,Mahle Behr France,111.09005926541855,20.425680013772745,2310
ACTIVITÉS DE SCE ADMINISTR  DE SOUTIEN,OMS Synergie Group,11.337593411672346,20.39202666013356,781
SANTÉ HUMAINE ET ACTION SOCIALE,Polyclinique de Limoges,38.179840396068116,20.370308885816037,1886
COMMERCE  RÉPAR AUTOMOBILE  MOTOCYCLE,RIU AUBLET et cie,10.451564077108435,20.35872509429841,654
INDUSTRIE MANUFACTURIÈRE,NESTLE FRANCE SAS,111.09005926541855,20.355032792222786,44481
INDUSTRIE MANUFACTURIÈRE,elmleblanc SAS,111.09005926541855,20.352017535497147,3521
COMMERCE  RÉPAR AUTOMOBILE  MOTOCYCLE,COOP ATLANTIQUE,10.451564077108435,20.345021450003216,16755
SANTÉ HUMAINE ET ACTION SOCIALE,SA Polyclinique de Gentilly,38.179840396068116,20.342853741827245,1441
HÉBERGEMENT ET RESTAURATION,LA BRIOCHE DOREE,35.39174818344916,20.341630739261607,1288
INDUSTRIE MANUFACTURIÈRE,AUTOLIV Isodelta,111.09005926541855,20.3408654806165,3532.31
COMMERCE  RÉPAR AUTOMOBILE  MOTOCYCLE,ALDI MARCHE CAVAILLON SARL,10.451564077108435,20.336927605616964,6335.02
COMMERCE  RÉPAR AUTOMOBILE  MOTOCYCLE,BASTIDE LE CONFORT MEDICAL,10.451564077108435,20.217559001419836,9042
AUTRES ACTIVITÉS DE SERVICES,EuroInformation Services,34.512807637621336,20.19395022759932,2049
ACTIVITÉS FINANCIÈRES ET DASSURANCE,Schneider Electric Energy France,0.9862627254439513,20.11155100621176,2900
INDUSTRIE MANUFACTURIÈRE,FERCO SAS,111.09005926541855,20.019181540882702,2606
TRANSPORTS ET ENTREPOSAGE,FM FRANCE SAS,204.66311751274316,19.893636372148144,10041.41
INDUSTRIE MANUFACTURIÈRE,Nexans France,111.09005926541855,19.864566728938424,37438
COMMERCE  RÉPAR AUTOMOBILE  MOTOCYCLE,POMONA,10.451564077108435,19.844507815940528,68899
COMMERCE  RÉPAR AUTOMOBILE  MOTOCYCLE,ALDI MARCHE DAMMARTIN SARL,10.451564077108435,19.831272759798896,5390.21
INDUSTRIE MANUFACTURIÈRE,CEMOI Chocolatier,111.09005926541855,19.812514671039107,8783.5
INDUSTRIE MANUFACTURIÈRE,Airbus opérations sas,111.09005926541855,19.72233422939068,176081
ACTIVITÉS IMMOBILIÈRES,SIDR,85.19463342256317,19.71194463411529,6813
INDUSTRIE MANUFACTURIÈRE,Société JOUVE,111.09005926541855,19.70113019528486,1292
COMMERCE  RÉPAR AUTOMOBILE  MOTOCYCLE,BASF France SAS,10.451564077108435,19.508140565569626,26206
HÉBERGEMENT ET RESTAURATION,CRESCENDO RESTAURATIONSA,35.39174818344916,19.478750018828315,2276
INDUSTRIE MANUFACTURIÈRE,MARIE,111.09005926541855,19.381730504190653,5633
CONSTRUCTION,CARDINAL EDIFICE,36.54854887929035,19.36205044057602,2019.61
INDUSTRIE MANUFACTURIÈRE,Ateliers dArmançon,111.09005926541855,19.35389655518236,330
CONSTRUCTION,SFERIS,36.54854887929035,19.244860652904624,2045
SANTÉ HUMAINE ET ACTION SOCIALE,EMERA,38.179840396068116,19.133605945361197,1142.8
COMMERCE  RÉPAR AUTOMOBILE  MOTOCYCLE,BRICORAMA FRANCE,10.451564077108435,19.06197545219547,6781
INDUSTRIE MANUFACTURIÈRE,Josselin Porc Abattage,111.09005926541855,19.039780342259963,5386.89
CONSTRUCTION,EIFFAGE ENERGIE SYSTEMES VAL DE LOIRE,36.54854887929035,18.991013300050263,1389.67
COMMERCE  RÉPAR AUTOMOBILE  MOTOCYCLE,ETABLISSEMENTS HORTICOLES GEORGES TRUFFAUT,10.451564077108435,18.96794978198662,7922
INDUSTRIE MANUFACTURIÈRE,THUASNE,111.09005926541855,18.93631376591641,3059
COMMERCE  RÉPAR AUTOMOBILE  MOTOCYCLE,ALDI MARCHE CUINCY SARL,10.451564077108435,18.927006038796613,7733.79
INDUSTRIE MANUFACTURIÈRE,Merial SAS,111.09005926541855,18.91166398684138,15696.74
INDUSTRIE MANUFACTURIÈRE,NEXTER Munitions,111.09005926541855,18.909570355955747,4187.68
INDUSTRIE MANUFACTURIÈRE,OCTAPHARMA Lingolsheim,111.09005926541855,18.80120624573217,5006
INDUSTRIE MANUFACTURIÈRE,Gatine Viandes,111.09005926541855,18.696581005019425,4431.66
INDUSTRIE MANUFACTURIÈRE,SAFRAN POWER UNITS,111.09005926541855,18.605510099829676,2528
COMMERCE  RÉPAR AUTOMOBILE  MOTOCYCLE,ALDI MARCHE HONFLEUR SARL,10.451564077108435,18.59215230784044,4996.7
INDUSTRIE MANUFACTURIÈRE,ARAYMOND France SaintEgrève,111.09005926541855,18.580273103162007,1716
CONSTRUCTION,KAEFER WANNER,36.54854887929035,18.55288621154374,2815
INDUSTRIE MANUFACTURIÈRE,SEPTODONT,111.09005926541855,18.460191531855376,2330
COMMERCE  RÉPAR AUTOMOBILE  MOTOCYCLE,APROLIS,10.451564077108435,18.44190451972001,3629
INDUSTRIE MANUFACTURIÈRE,VALEO EMBRAYAGES,111.09005926541855,18.441762674896967,5190.09
ACT SPÉCIALISÉE SCIENTIFIQ  TECHNIQ,SCOP NYMPHALIS,19.57412416974631,18.39988157980798,10.69
INFORMATION ET COMMUNICATION,CINQ SUR CINQ,3.7966957841262348,18.38351725432736,2317
INDUSTRIE MANUFACTURIÈRE,SNIC,111.09005926541855,18.37228395792186,60.24
COMMERCE  RÉPAR AUTOMOBILE  MOTOCYCLE,TEREVA,10.451564077108435,18.36266302275918,6692
HÉBERGEMENT ET RESTAURATION,LES VILLAGES CLUBS DU SOLEIL,35.39174818344916,18.353184086259965,960
COMMERCE  RÉPAR AUTOMOBILE  MOTOCYCLE,Auchan Retail France,10.451564077108435,18.352556097003536,224839
INDUSTRIE MANUFACTURIÈRE,Mondelez france biscuits production SAS,111.09005926541855,18.335393525480168,31111
INDUSTRIE MANUFACTURIÈRE,PROTEOR,111.09005926541855,18.275271204495617,1209
SANTÉ HUMAINE ET ACTION SOCIALE,LES SINOPLIES,38.179840396068116,18.209424568695166,1053
CONSTRUCTION,EIFFAGE ENERGIE SYSTEMES AQUITAINE,36.54854887929035,18.205838560886217,2402
COMMERCE  RÉPAR AUTOMOBILE  MOTOCYCLE,FIDUCIAL BUREAUTIQUE,10.451564077108435,18.15411465166084,3037.6
COMMERCE  RÉPAR AUTOMOBILE  MOTOCYCLE,ARGEDIS,10.451564077108435,18.089982160082126,5129
CONSTRUCTION,AXIMA CONCEPT,36.54854887929035,17.923170401700734,19444
INDUSTRIE MANUFACTURIÈRE,Société des Véhicules Automobiles de Batilly,111.09005926541855,17.897548236733215,34148
TRANSPORTS ET ENTREPOSAGE,XPO Supply chain france,204.66311751274316,17.883234268120663,8702
TRANSPORTS ET ENTREPOSAGE,Geodis Logistics Ile de France,204.66311751274316,17.783861084741936,3828
TRANSPORTS ET ENTREPOSAGE,HEPPNER SAS,204.66311751274316,17.70754532470557,10005
INDUSTRIE MANUFACTURIÈRE,SNV,111.09005926541855,17.70731082654585,11294
COMMERCE  RÉPAR AUTOMOBILE  MOTOCYCLE,ALDI MARCHE TOULOUSE SARL,10.451564077108435,17.642731761203656,5089.31
ACTIVITÉS DE SCE ADMINISTR  DE SOUTIEN,Pitney Bowes SAS,11.337593411672346,17.596387596983167,1521
COMMERCE  RÉPAR AUTOMOBILE  MOTOCYCLE,CAVAC,10.451564077108435,17.51134816050251,18143
COMMERCE  RÉPAR AUTOMOBILE  MOTOCYCLE,DOCKS DES MATERIAUX DE LOUEST,10.451564077108435,17.49512651704782,4742
INDUSTRIE MANUFACTURIÈRE,Safran Landing Systems,111.09005926541855,17.45302056487536,28151.6
COMMERCE  RÉPAR AUTOMOBILE  MOTOCYCLE,LYRECO FRANCE,10.451564077108435,17.39957365603842,8155
INDUSTRIE MANUFACTURIÈRE,SANDEN MANUFACTURING EUROPE,111.09005926541855,17.39256024390743,3680.63
INDUSTRIE MANUFACTURIÈRE,Fives Nordon,111.09005926541855,17.376265424733326,1547.8
CONSTRUCTION,INEO PROVENCE ET COTE DAZUR,36.54854887929035,17.344407735324054,2462
ACT SPÉCIALISÉE SCIENTIFIQ  TECHNIQ,SanofiAventis Recherche et Développement,19.57412416974631,17.283751493428916,28933
COMMERCE  RÉPAR AUTOMOBILE  MOTOCYCLE,ArcelorMittal Centres de Services,10.451564077108435,17.273143786462555,11332
INFORMATION ET COMMUNICATION,Le Télégramme,3.7966957841262348,17.251756558613554,1483
COMMERCE  RÉPAR AUTOMOBILE  MOTOCYCLE,BOIS ET MATÉRIAUX SUDOUEST,10.451564077108435,17.111429168322395,7652
COMMERCE  RÉPAR AUTOMOBILE  MOTOCYCLE,POMONA EPISAVEURS,10.451564077108435,17.025480938407703,10103
COMMERCE  RÉPAR AUTOMOBILE  MOTOCYCLE,JDC,10.451564077108435,17.001483443741442,1454
ACTIVITÉS FINANCIÈRES ET DASSURANCE,CLINITEX PROPRETE,0.9862627254439513,16.981057731783174,668
COMMERCE  RÉPAR AUTOMOBILE  MOTOCYCLE,Stanhome France,10.451564077108435,16.913008077807003,859.1
INDUSTRIE MANUFACTURIÈRE,Cooperl Arc Atlantique,111.09005926541855,16.88506892714663,42719
INDUSTRIE MANUFACTURIÈRE,NTNSNR Roulements,111.09005926541855,16.859511699636414,11211
INFORMATION ET COMMUNICATION,CIRCET,3.7966957841262348,16.80426549470043,17762.15
SANTÉ HUMAINE ET ACTION SOCIALE,POLYCLINIQUE BORDEAUX NORD AQUITAINE,38.179840396068116,16.79702632180114,1756
INFORMATION ET COMMUNICATION,BergerLevrault,3.7966957841262348,16.70790384281788,1830
INDUSTRIE MANUFACTURIÈRE,SABENA TECHNICS,111.09005926541855,16.655001866925605,3345.05
INDUSTRIE MANUFACTURIÈRE,AIGLE International,111.09005926541855,16.553053722576564,1531.17
INDUSTRIE MANUFACTURIÈRE,Ponticelli Frères,111.09005926541855,16.538755142211585,5108
INDUSTRIE MANUFACTURIÈRE,DAHER AEROSPACE SA,111.09005926541855,16.53656822687326,12642
ACTIVITÉS DE SCE ADMINISTR  DE SOUTIEN,NETMAN,11.337593411672346,16.291311223369327,583
INDUSTRIE MANUFACTURIÈRE,LISI AEROSPACE  BLANC AERO INDUSTRIES,111.09005926541855,16.195351670779004,3321.6
COMMERCE  RÉPAR AUTOMOBILE  MOTOCYCLE,Framatome,10.451564077108435,16.160145000570022,39123
CONSTRUCTION,INEO INFRACOM,36.54854887929035,16.12758722329165,5488
INDUSTRIE MANUFACTURIÈRE,SMRC Automotive Modules France SAS,111.09005926541855,16.081148726601203,6452
INDUSTRIE MANUFACTURIÈRE,Ingram Micro Services,111.09005926541855,16.02730136306474,952
INDUSTRIE MANUFACTURIÈRE,BOIRON,111.09005926541855,15.990783664154959,8703
HÉBERGEMENT ET RESTAURATION,API Restauration,35.39174818344916,15.832706961565579,8976
COMMERCE  RÉPAR AUTOMOBILE  MOTOCYCLE,Coopérateurs de Normandie Picardie,10.451564077108435,15.821926911043626,5365
ACTIVITÉS DE SCE ADMINISTR  DE SOUTIEN,Azurial,11.337593411672346,15.796587408174073,418.1
ACTIVITÉS DE SCE ADMINISTR  DE SOUTIEN,Aptar France SAS,11.337593411672346,15.74453851213148,10398
ACTIVITÉS FINANCIÈRES ET DASSURANCE,Gan Prévoyance,0.9862627254439513,15.72986243269434,1482
COMMERCE  RÉPAR AUTOMOBILE  MOTOCYCLE,Royal Canin SAS,10.451564077108435,15.525699542848248,16773.39
COMMERCE  RÉPAR AUTOMOBILE  MOTOCYCLE,Couleurs de Tollens,10.451564077108435,15.4488383896173,2932
COMMERCE  RÉPAR AUTOMOBILE  MOTOCYCLE,Districo,10.451564077108435,15.31697629934121,3783.8
COMMERCE  RÉPAR AUTOMOBILE  MOTOCYCLE,DOCKS DE LOISE,10.451564077108435,15.237763718634165,3371
INDUSTRIE MANUFACTURIÈRE,LGL France,111.09005926541855,15.19845175388532,1993.5
COMMERCE  RÉPAR AUTOMOBILE  MOTOCYCLE,Eneria,10.451564077108435,15.154861813010326,2472
INFORMATION ET COMMUNICATION,Canon France Business Services,3.7966957841262348,15.076911674699716,504.5
ACT SPÉCIALISÉE SCIENTIFIQ  TECHNIQ,Total Petrochemical France,19.57412416974631,15.07086381531889,42659
CONSTRUCTION,utb,36.54854887929035,15.040464069335375,2247
COMMERCE  RÉPAR AUTOMOBILE  MOTOCYCLE,ANIMALIS,10.451564077108435,14.950490354820719,1125
TRANSPORTS ET ENTREPOSAGE,DPD FRANCE,204.66311751274316,14.919527568139026,9242
TRANSPORTS ET ENTREPOSAGE,CAT SAS,204.66311751274316,14.918507507569117,5909
COMMERCE  RÉPAR AUTOMOBILE  MOTOCYCLE,PROLIANS Rhône Alpes Auvergne,10.451564077108435,14.90469119605349,3706
COMMERCE  RÉPAR AUTOMOBILE  MOTOCYCLE,TROUILLARD,10.451564077108435,14.798079681016558,5389
COMMERCE  RÉPAR AUTOMOBILE  MOTOCYCLE,SONEN,10.451564077108435,14.795998089416841,3669
COMMERCE  RÉPAR AUTOMOBILE  MOTOCYCLE,BaurésProlians,10.451564077108435,14.704293880032875,1911
TRANSPORTS ET ENTREPOSAGE,Carrefour entrepôts,204.66311751274316,14.686247556561877,25619
TRANSPORTS ET ENTREPOSAGE,CALBERSON RHONE ALPES,204.66311751274316,14.685594916070078,2186
INDUSTRIE MANUFACTURIÈRE,LIEBHERR France SAS,111.09005926541855,14.533040379872935,8408
CONSTRUCTION,Eiffage Energie Systèmes  Nord,36.54854887929035,14.292738945302524,1029.97
INDUSTRIE MANUFACTURIÈRE,Clauger,111.09005926541855,14.292396139072498,4005.1
ACT SPÉCIALISÉE SCIENTIFIQ  TECHNIQ,JCDecaux France,19.57412416974631,14.284645276863543,8439
INDUSTRIE MANUFACTURIÈRE,STELIA AEROSPACE SAS,111.09005926541855,14.056265529269892,20841
ACTIVITÉS DE SCE ADMINISTR  DE SOUTIEN,SAS PRO IMPEC,11.337593411672346,13.992943145167898,881.29
INDUSTRIE MANUFACTURIÈRE,Nutrition  Santé,111.09005926541855,13.97667764146561,4371
COMMERCE  RÉPAR AUTOMOBILE  MOTOCYCLE,JUNGHEINRICH FRANCE SAS,10.451564077108435,13.972048893026956,4855.9
COMMERCE  RÉPAR AUTOMOBILE  MOTOCYCLE,Hanes France,10.451564077108435,13.884081517880267,5203
CONSTRUCTION,EES  Clemessy,36.54854887929035,13.846185976305685,7084
INDUSTRIE MANUFACTURIÈRE,Mars Wrigley Confectionery France,111.09005926541855,13.73864091067511,10351
INFORMATION ET COMMUNICATION,BOUYGUES TELECOM,3.7966957841262348,13.666567581552552,12413.48
COMMERCE  RÉPAR AUTOMOBILE  MOTOCYCLE,RICOH France SASU,10.451564077108435,13.575833538722915,6041.96
TRANSPORTS ET ENTREPOSAGE,SNCF,204.66311751274316,13.574097746596111,913211
ACT SPÉCIALISÉE SCIENTIFIQ  TECHNIQ,BIEFCariçaie,19.57412416974631,13.501295883310227,11.2
COMMERCE  RÉPAR AUTOMOBILE  MOTOCYCLE,SPEEDY FRANCE,10.451564077108435,13.497357853173183,2248
ACT SPÉCIALISÉE SCIENTIFIQ  TECHNIQ,Solocal,19.57412416974631,13.403817498887488,6122.86
INDUSTRIE MANUFACTURIÈRE,RADIALL,111.09005926541855,13.353718837783562,2201
ENSEIGNEMENT,Fondation APPRENTIS DAUTEUIL,13.264843887438962,13.279277373572222,5454
INDUSTRIE MANUFACTURIÈRE,CELVIA,111.09005926541855,13.27575308066179,3449
INDUSTRIE MANUFACTURIÈRE,GIMA,111.09005926541855,13.234505097919017,3729.9
ENSEIGNEMENT,Grenoble Ecole de Management,13.264843887438962,13.16928334741179,816.95
COMMERCE  RÉPAR AUTOMOBILE  MOTOCYCLE,Carrefour Hypermarché,10.451564077108435,13.085054336028033,290840
CONSTRUCTION,Société Bourbonnaise de Travaux Publics et de Construction,36.54854887929035,13.060772346525964,2645
INDUSTRIE MANUFACTURIÈRE,GKN Driveline SA,111.09005926541855,13.05089507410715,3460.7
INDUSTRIE MANUFACTURIÈRE,Manitowoc,111.09005926541855,12.993304462478083,6709
CONSTRUCTION,Brézillon,36.54854887929035,12.860619035469206,3225
INDUSTRIE MANUFACTURIÈRE,SAFRAN HELICOPTER ENGINES,111.09005926541855,12.779678613513994,16864
TRANSPORTS ET ENTREPOSAGE,Decathlon Logistique France,204.66311751274316,12.722919162309049,4851
INDUSTRIE MANUFACTURIÈRE,SIGVARIS,111.09005926541855,12.574880204814939,1196
Prdn  distr élec gaz vap  air cond,Chauffage Rationnel et Applications Modernes CRAM SAS,453.26341942164385,12.549850987904943,1552
INDUSTRIE MANUFACTURIÈRE,Alstom Power Systems,111.09005926541855,12.540903253092031,7115.22
INDUSTRIE MANUFACTURIÈRE,MARS PF FRANCE,111.09005926541855,12.525285980731002,10211
COMMERCE  RÉPAR AUTOMOBILE  MOTOCYCLE,GIVAUDAN FRANCE SAS,10.451564077108435,12.428992243243172,4630.25
INDUSTRIE MANUFACTURIÈRE,RATIERFIGEAC,111.09005926541855,12.408790655907744,3474
SANTÉ HUMAINE ET ACTION SOCIALE,SA CLINIQUE SAINT PIERRE,38.179840396068116,12.342987067626803,842.48
ACT SPÉCIALISÉE SCIENTIFIQ  TECHNIQ,ARCADIS ESG,19.57412416974631,12.322910125803663,1138.4
INDUSTRIE MANUFACTURIÈRE,SPBI,111.09005926541855,12.27371818464936,10838
CONSTRUCTION,Eiffage Construction NordPasDeCalais,36.54854887929035,12.249070917688863,1383.35
INFORMATION ET COMMUNICATION,Axione,3.7966957841262348,12.238032835871913,8564.45
INDUSTRIE MANUFACTURIÈRE,SHISEIDO INTERNATIONAL FRANCE,111.09005926541855,12.167821620181272,2945
INDUSTRIE MANUFACTURIÈRE,BASF AGRIPRODUCTION SAS,111.09005926541855,12.139288257327872,6975.73
INDUSTRIE MANUFACTURIÈRE,EIFFAGE METAL,111.09005926541855,12.137707287910485,3226.78
INDUSTRIE MANUFACTURIÈRE,Safran Aerosystems,111.09005926541855,12.064132456576981,3684
INDUSTRIE MANUFACTURIÈRE,STILL,111.09005926541855,12.033772293402691,3561.32
COMMERCE  RÉPAR AUTOMOBILE  MOTOCYCLE,Hilti France SA,10.451564077108435,12.011205514696435,5047
INDUSTRIE MANUFACTURIÈRE,LILLY FRANCE SAS,111.09005926541855,11.993557222674443,10063
COMMERCE  RÉPAR AUTOMOBILE  MOTOCYCLE,CARGLASS SAS,10.451564077108435,11.924196020225757,9619
INDUSTRIE MANUFACTURIÈRE,Bosch Automotive Steering,111.09005926541855,11.916242315569354,1244.32
CONSTRUCTION,EIFFAGE ÉNERGIE SYSTÈMES  Transport  Distribution,36.54854887929035,11.909592961634592,2078
ACT SPÉCIALISÉE SCIENTIFIQ  TECHNIQ,ALSTOM POWER SERVICE,19.57412416974631,11.893584846650564,2873
COMMERCE  RÉPAR AUTOMOBILE  MOTOCYCLE,PUM PLASTIQUES,10.451564077108435,11.824196010622277,6826
INDUSTRIE MANUFACTURIÈRE,Aspen Notre Dame de Bondeville,111.09005926541855,11.814185300634074,3327.5
TRANSPORTS ET ENTREPOSAGE,DERET LOGISTIQUE,204.66311751274316,11.713540247802893,3558.67
INDUSTRIE MANUFACTURIÈRE,SA Bernard,111.09005926541855,11.693680367486754,6156.6
INDUSTRIE MANUFACTURIÈRE,Laboratoires ML,111.09005926541855,11.667470688485208,3232
ACT SPÉCIALISÉE SCIENTIFIQ  TECHNIQ,MEDIAPOST SAS,19.57412416974631,11.576199977852001,3891
INDUSTRIE MANUFACTURIÈRE,SAINT GOBAIN GLASSOLUTIONS MENUISIERS INDUSTRIELS,111.09005926541855,11.488094177495226,1245
ACT SPÉCIALISÉE SCIENTIFIQ  TECHNIQ,MIGSO,19.57412416974631,11.4654185899991,891.7
INDUSTRIE MANUFACTURIÈRE,MERCK MILLIPORE SAS,111.09005926541855,11.452606630687836,15714
TRANSPORTS ET ENTREPOSAGE,DHL International Express,204.66311751274316,11.382665033291303,6295
INDUSTRIE MANUFACTURIÈRE,KUHN SAS,111.09005926541855,11.296538266422427,8506
CONSTRUCTION,Bouygues Batiment NordEst,36.54854887929035,11.287479481194058,3629.36
INDUSTRIE MANUFACTURIÈRE,CALOR SA,111.09005926541855,11.25120535454085,2013
ACT SPÉCIALISÉE SCIENTIFIQ  TECHNIQ,FAURECIA SYSTEMES ECHAPPEMENT,19.57412416974631,11.12061099590118,6594.03
INFORMATION ET COMMUNICATION,BT Services France,3.7966957841262348,11.0537464209071,775.02
COMMERCE  RÉPAR AUTOMOBILE  MOTOCYCLE,SCHIEVER DISTRIBUTION,10.451564077108435,11.032697458534344,7222.97
ACTIVITÉS DE SCE ADMINISTR  DE SOUTIEN,GSF PHEBUS,11.337593411672346,11.000420130052198,307
ACT SPÉCIALISÉE SCIENTIFIQ  TECHNIQ,GROUPE SECOB RENNES,19.57412416974631,10.915542249919254,95.44
INDUSTRIE MANUFACTURIÈRE,SOITEC CORPORATE SERVICES,111.09005926541855,10.914948652151063,6376
ACTIVITÉS FINANCIÈRES ET DASSURANCE,Scalian,0.9862627254439513,10.906395595086828,206
COMMERCE  RÉPAR AUTOMOBILE  MOTOCYCLE,FEU VERT,10.451564077108435,10.872007023260409,3951.4
INDUSTRIE MANUFACTURIÈRE,SKF France,111.09005926541855,10.836073156081957,7349.64
CONSTRUCTION,EIFFAGE ENERGIE SYSTEMES IDF,36.54854887929035,10.830984205245512,4077.02
ACT SPÉCIALISÉE SCIENTIFIQ  TECHNIQ,GUERBET SA,19.57412416974631,10.811740969663866,15519
ACTIVITÉS DE SCE ADMINISTR  DE SOUTIEN,LUSTRAL,11.337593411672346,10.764441470328741,373.23
INDUSTRIE MANUFACTURIÈRE,Axon Cable SAS,111.09005926541855,10.63445130007119,1714.94
AGRICULTURE SYLVICULTURE ET PÊCHE,Limagrain Europe SAS,32.21353907408442,10.609982231067063,4653.5
HÉBERGEMENT ET RESTAURATION,LAlsacienne de Restauration,35.39174818344916,10.573841928348951,447
INDUSTRIE MANUFACTURIÈRE,Diagnostica Stago,111.09005926541855,10.562580728201889,4027
ACT SPÉCIALISÉE SCIENTIFIQ  TECHNIQ,MERCK SANTE SAS,19.57412416974631,10.462914009440352,7829.74
ACTIVITÉS DE SCE ADMINISTR  DE SOUTIEN,Derichebourg Propreté,11.337593411672346,10.44267629026871,4455.24
TRANSPORTS ET ENTREPOSAGE,GEFCO FRANCE SAS,204.66311751274316,10.435837414819405,16050.7
ACTIVITÉS DE SCE ADMINISTR  DE SOUTIEN,Quadient France,11.337593411672346,10.425817039623269,1576.71
ACTIVITÉS FINANCIÈRES ET DASSURANCE,Crédit Mutuel ARKEA,0.9862627254439513,10.425095123141839,3118
ACTIVITÉS DE SCE ADMINISTR  DE SOUTIEN,SAFEN,11.337593411672346,10.388861081934317,553
COMMERCE  RÉPAR AUTOMOBILE  MOTOCYCLE,SCA ARTERRIS,10.451564077108435,10.297362717365601,10495
INDUSTRIE MANUFACTURIÈRE,NXP Semiconductors France SAS,111.09005926541855,10.268253137144521,1754
INDUSTRIE MANUFACTURIÈRE,BBGR,111.09005926541855,10.266251412351965,2057
INFORMATION ET COMMUNICATION,LEST REPUBLICAIN,3.7966957841262348,10.239359187102245,824
INDUSTRIE MANUFACTURIÈRE,RENAULT TRUCKS SAS,111.09005926541855,10.22465311878321,40603.12
COMMERCE  RÉPAR AUTOMOBILE  MOTOCYCLE,Sodiaal Union,10.451564077108435,10.216797282488702,50439
INDUSTRIE MANUFACTURIÈRE,SOURIAU SAS  ESTERLINE,111.09005926541855,10.096386776302626,2680
INDUSTRIE MANUFACTURIÈRE,LATECOERE,111.09005926541855,10.010772477838751,2964.44
CONSTRUCTION,INEO RHONEALPES AUVERGNE,36.54854887929035,9.987228544682672,1654
TRANSPORTS ET ENTREPOSAGE,ALLOGA FRANCE,204.66311751274316,9.958338154465576,1234
COMMERCE  RÉPAR AUTOMOBILE  MOTOCYCLE,TAPIS SAINT MACLOU,10.451564077108435,9.905148264476841,2217
COMMERCE  RÉPAR AUTOMOBILE  MOTOCYCLE,ASTURIENNE,10.451564077108435,9.815848772753212,2926
COMMERCE  RÉPAR AUTOMOBILE  MOTOCYCLE,MERIDIONALE DES BOIS ET MATERIAUX,10.451564077108435,9.800039950931032,2890
COMMERCE  RÉPAR AUTOMOBILE  MOTOCYCLE,CASTEL FRERES,10.451564077108435,9.791550417956234,6996
CONSTRUCTION,Bouygues Construction SA,36.54854887929035,9.725,1945
ACTIVITÉS DE SCE ADMINISTR  DE SOUTIEN,GSF SAS,11.337593411672346,9.719057707288322,9432.19
COMMERCE  RÉPAR AUTOMOBILE  MOTOCYCLE,M MATERIAUX,10.451564077108435,9.702329287550038,4299
INDUSTRIE MANUFACTURIÈRE,Safran Aircraft Engines,111.09005926541855,9.690061799581734,70901
TRANSPORTS ET ENTREPOSAGE,AREA,204.66311751274316,9.656691756930421,5260
INDUSTRIE MANUFACTURIÈRE,Snop France,111.09005926541855,9.645813305394988,4498
INDUSTRIE MANUFACTURIÈRE,NEXTER Systems,111.09005926541855,9.60239078657451,8720.44
CONSTRUCTION,INEO INDUSTRIE  TERTIAIRE EST,36.54854887929035,9.59231364061125,1546
INDUSTRIE MANUFACTURIÈRE,Nexeya France,111.09005926541855,9.577079642797624,633
INDUSTRIE MANUFACTURIÈRE,Delphi Connection Systems France SAS,111.09005926541855,9.574986143676478,1249
ACTIVITÉS DE SCE ADMINISTR  DE SOUTIEN,ARVATO,11.337593411672346,9.548060353199416,848
INDUSTRIE MANUFACTURIÈRE,MARKEMIMAJE Industries,111.09005926541855,9.51802360726531,648.19
ACTIVITÉS DE SCE ADMINISTR  DE SOUTIEN,GSF ATHENA,11.337593411672346,9.494314823058021,354
CONSTRUCTION,RAZELBEC,36.54854887929035,9.403386526525916,16053.8
INDUSTRIE MANUFACTURIÈRE,Groupe SEB Moulinex,111.09005926541855,9.251792343332042,1764
INDUSTRIE MANUFACTURIÈRE,Peugeot Citroën Sochaux SNC,111.09005926541855,9.220257180387403,84877.89
INDUSTRIE MANUFACTURIÈRE,Sika France SAS,111.09005926541855,9.177660630038535,2660
CONSTRUCTION,Bouygues Bâtiment IledeFrance,36.54854887929035,9.161202514854272,12768
INFORMATION ET COMMUNICATION,Groupe PROGRES SA,3.7966957841262348,9.09729568188437,783
INDUSTRIE MANUFACTURIÈRE,Thales AVS FRANCE SAS,111.09005926541855,9.047988216140785,11671
CONSTRUCTION,SICRA ÎledeFrance,36.54854887929035,9.0120312572975,1705
INFORMATION ET COMMUNICATION,ALTEN SUDOUEST,3.7966957841262348,8.987282806167606,1157.58
INDUSTRIE MANUFACTURIÈRE,PSA Automobiles SA,111.09005926541855,8.912287250226477,457334.35
INDUSTRIE MANUFACTURIÈRE,SAFRAN NACELLES,111.09005926541855,8.81092455017821,10259
COMMERCE  RÉPAR AUTOMOBILE  MOTOCYCLE,ALDI REIMS SARL,10.451564077108435,8.71996201348501,5061.32
INDUSTRIE MANUFACTURIÈRE,GENERAL ELECTRIC ENERGY PRODUCTS FRANCE SNC,111.09005926541855,8.683088159818984,11444
ACT SPÉCIALISÉE SCIENTIFIQ  TECHNIQ,Alstom Transport SA,19.57412416974631,8.67198113449363,33832
COMMERCE  RÉPAR AUTOMOBILE  MOTOCYCLE,EFR Services France,10.451564077108435,8.654464338556643,1204.36
COMMERCE  RÉPAR AUTOMOBILE  MOTOCYCLE,DISTRIBUTION SANITAIRE CHAUFFAGE,10.451564077108435,8.653263738468052,14187
ACT SPÉCIALISÉE SCIENTIFIQ  TECHNIQ,STMicroelectronics site de Grenoble,19.57412416974631,8.65265976086354,2194.7
INDUSTRIE MANUFACTURIÈRE,LES MAROQUINERIES DES ALPES,111.09005926541855,8.641351848159834,425.46
HÉBERGEMENT ET RESTAURATION,Club Med SAS,35.39174818344916,8.638603696098563,4207
INDUSTRIE MANUFACTURIÈRE,Faurecia Sièges dAutomobile,111.09005926541855,8.626823009699134,7423.67
AUTRES ACTIVITÉS DE SERVICES,Konica Minolta,34.512807637621336,8.550205302617057,3641
COMMERCE  RÉPAR AUTOMOBILE  MOTOCYCLE,LA BOITE A OUTILS,10.451564077108435,8.541672840828388,2613
CONSTRUCTION,Bouygues Travaux Publics Régions France,36.54854887929035,8.52113053647251,1960
COMMERCE  RÉPAR AUTOMOBILE  MOTOCYCLE,CHARVET LA MURE BIANCO,10.451564077108435,8.51617741059216,5782.01
COMMERCE  RÉPAR AUTOMOBILE  MOTOCYCLE,SOUFFLET AGRICULTURE,10.451564077108435,8.471074518349267,10766
COMMERCE  RÉPAR AUTOMOBILE  MOTOCYCLE,BMCE,10.451564077108435,8.464658963505116,3962
CONSTRUCTION,DODIN CAMPENON BERNARD,36.54854887929035,8.344547890640808,2711
COMMERCE  RÉPAR AUTOMOBILE  MOTOCYCLE,SA COMPAGNIE PETROLIERE DE LOUEST,10.451564077108435,8.336867929519022,7707
INDUSTRIE MANUFACTURIÈRE,SIS,111.09005926541855,8.305434640621675,436.8
COMMERCE  RÉPAR AUTOMOBILE  MOTOCYCLE,MATY,10.451564077108435,8.304812578368264,494
SANTÉ HUMAINE ET ACTION SOCIALE,CLINIQUE PASTEUR,38.179840396068116,8.298716804920092,1073
INDUSTRIE MANUFACTURIÈRE,MERSEN,111.09005926541855,8.297178096837639,782
COMMERCE  RÉPAR AUTOMOBILE  MOTOCYCLE,Bayer SAS,10.451564077108435,8.23687282088214,11618
ACT SPÉCIALISÉE SCIENTIFIQ  TECHNIQ,ORYS,19.57412416974631,8.211847948922705,858.79
COMMERCE  RÉPAR AUTOMOBILE  MOTOCYCLE,MABEO Industries,10.451564077108435,8.193705527603719,1740
INDUSTRIE MANUFACTURIÈRE,LDC BOURGOGNE,111.09005926541855,8.176061546679529,1809
INDUSTRIE MANUFACTURIÈRE,Continental Automotive France SAS,111.09005926541855,8.074365777147628,3911.93
INFORMATION ET COMMUNICATION,ISAGRI,3.7966957841262348,8.062525283308153,796.7
Prdn  distr élec gaz vap  air cond,Électricité de strasbourg,453.26341942164385,7.995511115033983,12682
COMMERCE  RÉPAR AUTOMOBILE  MOTOCYCLE,POINT P SAS,10.451564077108435,7.940143387302316,4416
INDUSTRIE MANUFACTURIÈRE,VMANE FILS,111.09005926541855,7.9367555991984835,10951.81
ACT SPÉCIALISÉE SCIENTIFIQ  TECHNIQ,HERIGE,19.57412416974631,7.936079983806797,9566.5
ACTIVITÉS DE SCE ADMINISTR  DE SOUTIEN,SECURITAS ACCUEIL SARL,11.337593411672346,7.925298344846584,158
ACT SPÉCIALISÉE SCIENTIFIQ  TECHNIQ,Cegos,19.57412416974631,7.846478863294953,629
ACTIVITÉS DE SCE ADMINISTR  DE SOUTIEN,GSF PHOCEA,11.337593411672346,7.840609176827558,281
ACT SPÉCIALISÉE SCIENTIFIQ  TECHNIQ,CLEAR CHANNEL FRANCE,19.57412416974631,7.793406419343531,1516
ACTIVITÉS DE SCE ADMINISTR  DE SOUTIEN,Algeco,11.337593411672346,7.733497628111841,2247
INDUSTRIE MANUFACTURIÈRE,LES MANUFACTURES DE FRANCHE COMTE,111.09005926541855,7.681582102877134,361.98
COMMERCE  RÉPAR AUTOMOBILE  MOTOCYCLE,Schneider Electric IT France,10.451564077108435,7.655083879209182,1004
CONSTRUCTION,ENGIE Ineo  Tertiaire IDF,36.54854887929035,7.611154517533729,1107
INDUSTRIE MANUFACTURIÈRE,BORGWARNER Transmission Systems Tulle SAS,111.09005926541855,7.5587179406543585,1134
COMMERCE  RÉPAR AUTOMOBILE  MOTOCYCLE,La Vie Claire,10.451564077108435,7.544110080275409,2197
INDUSTRIE MANUFACTURIÈRE,Les Grands Chais de France,111.09005926541855,7.54067952024377,8602
INFORMATION ET COMMUNICATION,Proservia,3.7966957841262348,7.533463575447847,1782
TRANSPORTS ET ENTREPOSAGE,La Poste,204.66311751274316,7.502417187750521,233962.88
INDUSTRIE MANUFACTURIÈRE,HillRom,111.09005926541855,7.492159033020675,1383
INDUSTRIE MANUFACTURIÈRE,AGCO SAS,111.09005926541855,7.444140308485242,6094.67
INFORMATION ET COMMUNICATION,DOCAPOSTE DPS,3.7966957841262348,7.441268176591543,726
ACTIVITÉS DE SCE ADMINISTR  DE SOUTIEN,Webhelp Compiègne,11.337593411672346,7.421540374671311,197.52
INDUSTRIE MANUFACTURIÈRE,HERTA,111.09005926541855,7.401015759463058,5906
TRANSPORTS ET ENTREPOSAGE,Groupe SANEF,204.66311751274316,7.374382156429299,11876
INDUSTRIE MANUFACTURIÈRE,SA,111.09005926541853,7.302103993184826,27180
INDUSTRIE MANUFACTURIÈRE,Safran Electronics  Defense,111.09005926541855,7.301582222791048,11410
ACT SPÉCIALISÉE SCIENTIFIQ  TECHNIQ,Andra,19.57412416974631,7.230539654581928,1773.42
INDUSTRIE MANUFACTURIÈRE,Livbag SAS groupe Autoliv,111.09005926541855,7.206873567133772,1013.25
INDUSTRIE MANUFACTURIÈRE,Cheminées POUJOULAT SA,111.09005926541855,7.1267544178605196,1764
INDUSTRIE MANUFACTURIÈRE,SEW USOCOME,111.09005926541855,7.096514584629019,3044
ACT SPÉCIALISÉE SCIENTIFIQ  TECHNIQ,SOM,19.57412416974631,7.077167247100565,849.56
INDUSTRIE MANUFACTURIÈRE,NAVAL GROUP,111.09005926541855,7.046659055401994,23454.1
INDUSTRIE MANUFACTURIÈRE,ITRON FRANCE,111.09005926541855,7.038934275743588,2425
ACTIVITÉS DE SCE ADMINISTR  DE SOUTIEN,SECURITAS FRANCE SARL,11.337593411672346,7.026203476428807,7444
COMMERCE  RÉPAR AUTOMOBILE  MOTOCYCLE,Toyota Material Handling France,10.451564077108435,6.944231700731308,2675
ACT SPÉCIALISÉE SCIENTIFIQ  TECHNIQ,GE ENERGY,19.57412416974631,6.8486597089352435,2171
ACT SPÉCIALISÉE SCIENTIFIQ  TECHNIQ,CASTORAMA SAS,19.57412416974631,6.83744850204922,18173
INDUSTRIE MANUFACTURIÈRE,THALES ALENIA SPACE FRANCE,111.09005926541855,6.813098509540701,9513
ACTIVITÉS DE SCE ADMINISTR  DE SOUTIEN,LOXAM,11.337593411672346,6.789625014626434,27968.19
COMMERCE  RÉPAR AUTOMOBILE  MOTOCYCLE,METRO France,10.451564077108435,6.6919833023237025,26467.8
INFORMATION ET COMMUNICATION,SAPESO,3.7966957841262348,6.6803841797429655,1752
ACTIVITÉS DE SCE ADMINISTR  DE SOUTIEN,Prosegur sécurité humaine,11.337593411672346,6.672947468235227,908
INDUSTRIE MANUFACTURIÈRE,CAMERON SAS,111.09005926541855,6.6611588168503,1100
ACTIVITÉS FINANCIÈRES ET DASSURANCE,CNP Assurances,0.9862627254439513,6.631219141663502,3492
ACTIVITÉS DE SCE ADMINISTR  DE SOUTIEN,STEM PROPRETE,11.337593411672346,6.621397499558455,223.59
INDUSTRIE MANUFACTURIÈRE,SAS,111.09005926541855,6.55834882211592,5865.48
INDUSTRIE MANUFACTURIÈRE,NESTLE WATERS SUPPLY SUD,111.09005926541855,6.554673698152884,2158
ACTIVITÉS DE SCE ADMINISTR  DE SOUTIEN,EUROP NET II,11.337593411672346,6.520273529711301,243.16
ACT SPÉCIALISÉE SCIENTIFIQ  TECHNIQ,TechnicAtome,19.57412416974631,6.478696822210964,3031
INDUSTRIE MANUFACTURIÈRE,JELD WEN FRANCE,111.09005926541855,6.466267247298275,418
CONSTRUCTION,PARISOUEST Construction,36.54854887929035,6.433518183679711,600
COMMERCE  RÉPAR AUTOMOBILE  MOTOCYCLE,OREXAD,10.451564077108435,6.393545591495406,3793
COMMERCE  RÉPAR AUTOMOBILE  MOTOCYCLE,ABB France,10.451564077108435,6.295003785385705,2966
INDUSTRIE MANUFACTURIÈRE,Boehringer Ingelheim France,111.09005926541855,6.285577303066609,2108
TRANSPORTS ET ENTREPOSAGE,ESCOTA,204.66311751274316,6.243332311465359,4073.15
INFORMATION ET COMMUNICATION,EDITION DES DENIERES NOUVELLES DALSACE,3.7966957841262348,6.219819468902879,483
INDUSTRIE MANUFACTURIÈRE,WILO SALMSON,111.09005926541855,6.097884534819849,1359
INDUSTRIE MANUFACTURIÈRE,MBK Industrie,111.09005926541855,6.055191602068548,3647
INDUSTRIE MANUFACTURIÈRE,Thales LAS France,111.09005926541855,6.043691462138688,11986
INFORMATION ET COMMUNICATION,ALTEN TECHNOLOGIES,3.7966957841262348,6.010339353897636,280.19
INDUSTRIE MANUFACTURIÈRE,Dassault Aviation,111.09005926541855,6.008324576635971,33472.22
INDUSTRIE MANUFACTURIÈRE,Renault SAS,111.09005926541855,5.910526447920066,235434
INFORMATION ET COMMUNICATION,PRODWARE,3.7966957841262348,5.855099322406904,1011
ACTIVITÉS DE SCE ADMINISTR  DE SOUTIEN,HUBSAFE,11.337593411672346,5.825865793774403,309.5
INDUSTRIE MANUFACTURIÈRE,ACOME,111.09005926541855,5.778954036523611,5948
ACTIVITÉS DE SCE ADMINISTR  DE SOUTIEN,CITY ONE,11.337593411672346,5.750598204775915,33.48
ACT SPÉCIALISÉE SCIENTIFIQ  TECHNIQ,Syngenta France SAS,19.57412416974631,5.746319282619939,4952
ACT SPÉCIALISÉE SCIENTIFIQ  TECHNIQ,TECHMAN INDUSTRIE,19.57412416974631,5.702124363087982,700
ACTIVITÉS DE SCE ADMINISTR  DE SOUTIEN,SAMSIC SAS 1,11.337593411672346,5.692680720570049,829
TRANSPORTS ET ENTREPOSAGE,Transport Rapides Automobiles,204.66311751274316,5.691134075959015,434
INFORMATION ET COMMUNICATION,EURONEWS,3.7966957841262348,5.630403095679274,350
Prdn  distr élec gaz vap  air cond,VEOLIA INDUSTRIES GLOBAL SOLUTIONS,453.26341942164385,5.620871186243219,1073.7
TRANSPORTS ET ENTREPOSAGE,Cofiroute,204.66311751274316,5.6013860288294,7072.31
INFORMATION ET COMMUNICATION,FRANCE TELEVISIONS,3.7966957841262348,5.600656275635767,17068
COMMERCE  RÉPAR AUTOMOBILE  MOTOCYCLE,Nature et Decouvertes,10.451564077108435,5.598947607276117,1048
TRANSPORTS ET ENTREPOSAGE,INDIGO Park,204.66311751274316,5.498272466560557,879
ACTIVITÉS FINANCIÈRES ET DASSURANCE,Banque Neuflize OBC,0.9862627254439513,5.4537319584981745,745.09
INDUSTRIE MANUFACTURIÈRE,SOMFY Activités SA,111.09005926541855,5.445962013620882,3484
INDUSTRIE MANUFACTURIÈRE,Boccard,111.09005926541855,5.36296382946021,1064
ACT SPÉCIALISÉE SCIENTIFIQ  TECHNIQ,KANTAR SAS,19.57412416974631,5.343628855363337,928.6
HÉBERGEMENT ET RESTAURATION,McDonalds Paris Nord,35.39174818344916,5.287796083257219,147.97
INDUSTRIE MANUFACTURIÈRE,AUTOLIV,111.09005926541855,5.2743644974498345,820
INDUSTRIE MANUFACTURIÈRE,Sabena technics DNR,111.09005926541855,5.249712889755278,594
COMMERCE  RÉPAR AUTOMOBILE  MOTOCYCLE,Bergerat Monnoyeur,10.451564077108435,5.198001116520306,7847
CONSTRUCTION,DEMATHIEU BARD CONSTRUCTION,36.54854887929035,5.184554032255164,3182.01
INDUSTRIE MANUFACTURIÈRE,VETOQUINOL,111.09005926541855,5.146883754388275,2032
COMMERCE  RÉPAR AUTOMOBILE  MOTOCYCLE,CELIO FRANCE,10.451564077108435,5.122531471966014,1831.32
INDUSTRIE MANUFACTURIÈRE,REEL SAS,111.09005926541855,5.114634330490506,1146
CONSTRUCTION,EHTP,36.54854887929035,5.086351154839643,14271.33
INDUSTRIE MANUFACTURIÈRE,Delta Dore SA,111.09005926541855,5.078440185363611,606.99
ACT SPÉCIALISÉE SCIENTIFIQ  TECHNIQ,ARDATEM,19.57412416974631,5.076466325898985,334
TRANSPORTS ET ENTREPOSAGE,ASF,204.66311751274316,5.070203925266694,17205.23
INDUSTRIE MANUFACTURIÈRE,CEVA Santé Animale SA,111.09005926541855,5.050754369163459,3581
INDUSTRIE MANUFACTURIÈRE,Steelcase SAS,111.09005926541855,5.025337770493427,1266.8
ACTIVITÉS DE SCE ADMINISTR  DE SOUTIEN,ATALIAN SECURITE,11.337593411672346,4.972777785268828,660.51
INDUSTRIE MANUFACTURIÈRE,ALSAPAN,111.09005926541855,4.950672506066001,1180
HÉBERGEMENT ET RESTAURATION,McDonalds Ouest Parisien,35.39174818344916,4.93889485508066,252.29
INDUSTRIE MANUFACTURIÈRE,Flexi France,111.09005926541855,4.917718989094881,1747
ACTIVITÉS IMMOBILIÈRES,POSTE IMMO,85.19463342256317,4.825061720089386,506.92
ACT SPÉCIALISÉE SCIENTIFIQ  TECHNIQ,SONOVISION,19.57412416974631,4.810058555118964,266.9
ACTIVITÉS FINANCIÈRES ET DASSURANCE,Orano Support,0.9862627254439513,4.8075992333653845,745
INDUSTRIE MANUFACTURIÈRE,UNIBETON,111.09005926541855,4.805719703418878,2138.8
INDUSTRIE MANUFACTURIÈRE,EUROVIANDE SERVICE,111.09005926541855,4.803041478744403,93.73
INDUSTRIE MANUFACTURIÈRE,Safran Aerotechnics,111.09005926541855,4.801973090491427,1873
ACT SPÉCIALISÉE SCIENTIFIQ  TECHNIQ,Total Raffinage Chimie,19.57412416974631,4.787903185980992,2122.6
ACT SPÉCIALISÉE SCIENTIFIQ  TECHNIQ,Gutenberg networks,19.57412416974631,4.755764634456741,681
INDUSTRIE MANUFACTURIÈRE,thyssenkrupp Presta France SAS,111.09005926541855,4.703176562472383,1715
INDUSTRIE MANUFACTURIÈRE,Schneider Electric France,111.09005926541855,4.5977043307848,13050
INDUSTRIE MANUFACTURIÈRE,LA MAROQUINERIE DU SUDOUEST,111.09005926541855,4.597669552694345,169.93
COMMERCE  RÉPAR AUTOMOBILE  MOTOCYCLE,VETIR,10.451564077108435,4.582175900431775,3017
CONSTRUCTION,bateg,36.54854887929035,4.533476267341908,1986
INDUSTRIE MANUFACTURIÈRE,ROLLS ROYCE CIVIL NUCLEAR SAS,111.09005926541855,4.5093957388539065,426
COMMERCE  RÉPAR AUTOMOBILE  MOTOCYCLE,Roche Diagnostics France,10.451564077108435,4.454361389930285,1551.25
COMMERCE  RÉPAR AUTOMOBILE  MOTOCYCLE,Philips France Commercial,10.451564077108435,4.449351860846888,2690
INDUSTRIE MANUFACTURIÈRE,Safran Seats,111.09005926541855,4.380954853448947,1350
HÉBERGEMENT ET RESTAURATION,McDonalds Paris Sud,35.39174818344916,4.368693725925165,226.94
COMMERCE  RÉPAR AUTOMOBILE  MOTOCYCLE,Volvo Trucks France,10.451564077108435,4.363002394683069,3517.1
COMMERCE  RÉPAR AUTOMOBILE  MOTOCYCLE,LA PLATEFORME DU BATIMENT,10.451564077108435,4.331380395950742,3108
COMMERCE  RÉPAR AUTOMOBILE  MOTOCYCLE,Centre Distributeur Alimentaire du sud Ouest CDA Sud Ouest,10.451564077108435,4.32764207185246,1015
CONSTRUCTION,ARIS,36.54854887929035,4.299871911404555,253
COMMERCE  RÉPAR AUTOMOBILE  MOTOCYCLE,RAJA,10.451564077108435,4.277548719464146,1172
INDUSTRIE MANUFACTURIÈRE,Canon Bretagne,111.09005926541855,4.242067560334898,612.9
ACTIVITÉS DE SCE ADMINISTR  DE SOUTIEN,Auchan Retail Services SAS,11.337593411672346,4.224371742690715,2406
COMMERCE  RÉPAR AUTOMOBILE  MOTOCYCLE,LAGARDERE TRAVEL RETAIL FRANCE,10.451564077108435,4.215181766636085,2000
SANTÉ HUMAINE ET ACTION SOCIALE,Biomnis Eurofins,38.179840396068116,4.214140224911083,919.6
INDUSTRIE MANUFACTURIÈRE,Hager Electro SAS,111.09005926541855,4.2111576548259615,2338.53
COMMERCE  RÉPAR AUTOMOBILE  MOTOCYCLE,Beauty Success sas,10.451564077108435,4.18674864619368,495
INDUSTRIE MANUFACTURIÈRE,Haulotte Group,111.09005926541855,4.186556944853271,5234
INFORMATION ET COMMUNICATION,MODIS,3.7966957841262348,4.175298746913007,706
COMMERCE  RÉPAR AUTOMOBILE  MOTOCYCLE,ABERCROMBIE  FITCH FRANCE SAS,10.451564077108435,4.149677620273177,252
ACTIVITÉS IMMOBILIÈRES,MAISONS  CITES SA dHLM,85.19463342256317,4.125903994805724,1373
INDUSTRIE MANUFACTURIÈRE,LEACH INTERNATIONAL EUROPE,111.09005926541855,4.090847354145565,517
ACT SPÉCIALISÉE SCIENTIFIQ  TECHNIQ,ALTEDIA,19.57412416974631,4.086626655469038,301
ACTIVITÉS DE SCE ADMINISTR  DE SOUTIEN,ARMATIS NORD,11.337593411672346,4.0677323432965995,95.95
INDUSTRIE MANUFACTURIÈRE,JTEKT Automotive Dijon SaintÉtienne,111.09005926541855,4.06565944828734,1014.49
ACT SPÉCIALISÉE SCIENTIFIQ  TECHNIQ,Bertrandt SAS,19.57412416974631,4.051039506198038,277.47
INDUSTRIE MANUFACTURIÈRE,PAUL HARTMANN,111.09005926541855,4.046178286003251,1601.35
HÉBERGEMENT ET RESTAURATION,McDonalds Est Parisien,35.39174818344916,4.044756639801305,269.97
INDUSTRIE MANUFACTURIÈRE,Société Anonyme des Eaux Minérales dEvian,111.09005926541855,4.0416470605785015,5849
INDUSTRIE MANUFACTURIÈRE,CARRIER SCS,111.09005926541855,4.012188670884368,4300
ACTIVITÉS IMMOBILIÈRES,SOCIETE ANONYME DHABITATIONS A LOYER MODERE DE LA REUNION SHLMR,85.19463342256317,4.005818647017556,742.51
COMMERCE  RÉPAR AUTOMOBILE  MOTOCYCLE,ARMAND THIERY SAS,10.451564077108435,3.94267563585581,1113
INFORMATION ET COMMUNICATION,ITS GROUP,3.7966957841262348,3.906909208682093,334
INDUSTRIE MANUFACTURIÈRE,BEAUTE RECHERCHE ET INDUSTRIES,111.09005926541855,3.9008700523433437,975.7
INDUSTRIE MANUFACTURIÈRE,JOHNSON CONTROLS INDUSTRIES,111.09005926541855,3.8610352554043157,689
ACT SPÉCIALISÉE SCIENTIFIQ  TECHNIQ,SOGECLAIR Aerospace SAS,19.57412416974631,3.8591553784639734,178.24
ACT SPÉCIALISÉE SCIENTIFIQ  TECHNIQ,Orano DS,19.57412416974631,3.833853442238867,1188
ACTIVITÉS FINANCIÈRES ET DASSURANCE,Banque Populaire Alsace Lorraine Champagne,0.9862627254439513,3.7885082505683645,2143
ACT SPÉCIALISÉE SCIENTIFIQ  TECHNIQ,Computacenter France,19.57412416974631,3.7580899481736663,2678
INDUSTRIE MANUFACTURIÈRE,LiebherrAerospace Toulouse SAS,111.09005926541855,3.700146794567659,1648
INDUSTRIE MANUFACTURIÈRE,TOTAL LUBRIFIANTS SA,111.09005926541855,3.6936016901222937,5331
ACT SPÉCIALISÉE SCIENTIFIQ  TECHNIQ,DOCAPOSTE BPO IS,19.57412416974631,3.681147971807347,304
INFORMATION ET COMMUNICATION,Compagnie IBM France,3.7966957841262348,3.675169935151184,9407.7
COMMERCE  RÉPAR AUTOMOBILE  MOTOCYCLE,CERP RHIN RHONE MEDITERRANE,10.451564077108435,3.6676931580194765,8053
COMMERCE  RÉPAR AUTOMOBILE  MOTOCYCLE,INTERFORUM,10.451564077108435,3.579167413327358,2510.83
COMMERCE  RÉPAR AUTOMOBILE  MOTOCYCLE,YSL SAS,10.451564077108435,3.5478078540895135,3342.2
ACT SPÉCIALISÉE SCIENTIFIQ  TECHNIQ,BUREAU VERITAS,19.57412416974631,3.4892414692458162,16054
INFORMATION ET COMMUNICATION,Crédit Agricole Technologies et Services,3.7966957841262348,3.4829595466557723,3022
INDUSTRIE MANUFACTURIÈRE,Ricard SAS,111.09005926541855,3.4496164883701317,2837
INDUSTRIE MANUFACTURIÈRE,MHCS,111.09005926541855,3.4440449225203937,7737.09
INDUSTRIE MANUFACTURIÈRE,THALES AVIONICS ELECTRICAL SYSTEMS SAS,111.09005926541855,3.4007279683307208,512
INDUSTRIE MANUFACTURIÈRE,ESSILOR INTERNATIONAL,111.09005926541855,3.399144689950107,4769
TRANSPORTS ET ENTREPOSAGE,Kuehne  Nagel SAS,204.66311751274316,3.393480091088647,5175.53
COMMERCE  RÉPAR AUTOMOBILE  MOTOCYCLE,Bayer HealthCare SAS,10.451564077108435,3.3470609724395723,3933
COMMERCE  RÉPAR AUTOMOBILE  MOTOCYCLE,CAROLL INTERNATIONAL,10.451564077108435,3.329062735895874,457
INDUSTRIE MANUFACTURIÈRE,Hitachi Rail STS France,111.09005926541855,3.320631581517737,560
ACT SPÉCIALISÉE SCIENTIFIQ  TECHNIQ,Total Marketing  Services,19.57412416974631,3.316784704143069,2506
INFORMATION ET COMMUNICATION,AKKA Technologies,3.7966957841262348,3.2778500988332726,1103
COMMERCE  RÉPAR AUTOMOBILE  MOTOCYCLE,CarterCash,10.451564077108435,3.2579945737930096,574
INFORMATION ET COMMUNICATION,Radio France,3.7966957841262348,3.227623003834371,2160.8
INDUSTRIE MANUFACTURIÈRE,IVECO FRANCE  Usine dAnnonay,111.09005926541855,3.1577090930789193,6186
COMMERCE  RÉPAR AUTOMOBILE  MOTOCYCLE,ABBVIE,10.451564077108435,3.1219526264695783,1718
COMMERCE  RÉPAR AUTOMOBILE  MOTOCYCLE,Renault Retail Group France,10.451564077108435,3.0638004568936297,15069
COMMERCE  RÉPAR AUTOMOBILE  MOTOCYCLE,Decathlon France SAS,10.451564077108435,3.0516428905853394,8803
COMMERCE  RÉPAR AUTOMOBILE  MOTOCYCLE,CENTRE SPECIALITES PHARMACEUTIQUES,10.451564077108435,3.0419202938340217,820.29
ACTIVITÉS FINANCIÈRES ET DASSURANCE,Caisse dEpargne Hauts de France,0.9862627254439513,3.026180411796061,1953
ACTIVITÉS DE SCE ADMINISTR  DE SOUTIEN,EURO PROTECTION SURVEILLANCE,11.337593411672346,2.9317880082131733,591
COMMERCE  RÉPAR AUTOMOBILE  MOTOCYCLE,Mondelez France SAS,10.451564077108435,2.9031579989879885,4926
CONSTRUCTION,ACERGY FRANCE SA,36.54854887929035,2.8071998391097406,335
COMMERCE  RÉPAR AUTOMOBILE  MOTOCYCLE,HENKEL FRANCE SAS,10.451564077108435,2.7866100000276397,2215
ACT SPÉCIALISÉE SCIENTIFIQ  TECHNIQ,SGDBF,19.57412416974631,2.767329228014762,772
INDUSTRIE MANUFACTURIÈRE,GEMS SCS,111.09005926541855,2.75809028253645,5208.04
INDUSTRIE MANUFACTURIÈRE,THALES DMS FRANCE SAS,111.09005926541855,2.7471144857686514,5131
INDUSTRIE MANUFACTURIÈRE,Robert BOSCH FRANCE SAS,111.09005926541855,2.705686135841025,12199
COMMERCE  RÉPAR AUTOMOBILE  MOTOCYCLE,OCP Répartition,10.451564077108435,2.7006444350701213,15623.48
TRANSPORTS ET ENTREPOSAGE,GENERAL LOGISTICS SYSTEMS,204.66311751274316,2.6969519230633767,1148.6
INFORMATION ET COMMUNICATION,Orange SA,3.7966957841262348,2.66116294257592,114094.7
INDUSTRIE MANUFACTURIÈRE,Sidel Blowing  Services,111.09005926541855,2.655687958222302,2308.86
ACTIVITÉS DE SCE ADMINISTR  DE SOUTIEN,ARMATIS NORMANDIE,11.337593411672346,2.648191535638886,38.17
COMMERCE  RÉPAR AUTOMOBILE  MOTOCYCLE,Okaidi SAS,10.451564077108435,2.642216476876766,1177
INDUSTRIE MANUFACTURIÈRE,VEEM VALEO,111.09005926541855,2.598605264489844,2364.33
COMMERCE  RÉPAR AUTOMOBILE  MOTOCYCLE,CERP Rouen,10.451564077108435,2.598318830802361,10272
INDUSTRIE MANUFACTURIÈRE,LVMH FRAGRANCE BRANDS,111.09005926541855,2.5468956921159003,1144.58
ACTIVITÉS DE SCE ADMINISTR  DE SOUTIEN,HUMANDO,11.337593411672346,2.527257662451309,101
ACTIVITÉS FINANCIÈRES ET DASSURANCE,CREDIT AGRICOLE PAYMENT SERVICES SAS,0.9862627254439513,2.52304253915641,865
ACTIVITÉS FINANCIÈRES ET DASSURANCE,Crédit Mutuel Océan,0.9862627254439513,2.520954490733228,668
INDUSTRIE MANUFACTURIÈRE,LIEBHERR MINING EQUIPMENT COLMAR SAS,111.09005926541855,2.509516660443755,1176.34
COMMERCE  RÉPAR AUTOMOBILE  MOTOCYCLE,LA MAILLE SOUPLE,10.451564077108435,2.4951401580594954,214.1
ACTIVITÉS FINANCIÈRES ET DASSURANCE,CAISSE DEPARGNE ILEDEFRANCE,0.9862627254439513,2.481219733397218,3335
ACTIVITÉS DE SCE ADMINISTR  DE SOUTIEN,SUPPLAY SAS,11.337593411672346,2.473272194716433,1350
INDUSTRIE MANUFACTURIÈRE,Jas Hennessy  Co,111.09005926541855,2.4700707217785616,3689.29
INDUSTRIE MANUFACTURIÈRE,THALES SIX GTS FR,111.09005926541855,2.4660872719605833,5357
ACT SPÉCIALISÉE SCIENTIFIQ  TECHNIQ,Laboratoires Urgo,19.57412416974631,2.4115009475882987,1173
ACT SPÉCIALISÉE SCIENTIFIQ  TECHNIQ,Médiamétrie,19.57412416974631,2.408003913352469,260.9
ACT SPÉCIALISÉE SCIENTIFIQ  TECHNIQ,COMEX NUCLEAIRE,19.57412416974631,2.396761186485122,229
COMMERCE  RÉPAR AUTOMOBILE  MOTOCYCLE,BOULANGER,10.451564077108435,2.3863837198664837,6970
CONSTRUCTION,GTM BATIMENT,36.54854887929035,2.3851385636537077,921
INFORMATION ET COMMUNICATION,BPCE Infogérance et Technologies,3.7966957841262348,2.3671202215193574,1371
INFORMATION ET COMMUNICATION,STIME,3.7966957841262348,2.3478633600199195,749
ACT SPÉCIALISÉE SCIENTIFIQ  TECHNIQ,Thales DIS France SA,19.57412416974631,2.3411406925252094,2194
INDUSTRIE MANUFACTURIÈRE,JanssenCilag,111.09005926541855,2.331722037031102,2793.5
ACTIVITÉS FINANCIÈRES ET DASSURANCE,VERSPIEREN,0.9862627254439513,2.297263938497811,912
ACT SPÉCIALISÉE SCIENTIFIQ  TECHNIQ,Sanofi Winthrop Industrie,19.57412416974631,2.272835394862036,28665
INDUSTRIE MANUFACTURIÈRE,Safran Electronics  Defense Cockpit Solutions,111.09005926541855,2.267359984251774,217
INDUSTRIE MANUFACTURIÈRE,BWTFrance,111.09005926541855,2.2470930632628074,254.06
INDUSTRIE MANUFACTURIÈRE,ALBEA TUBES FRANCE SAS,111.09005926541855,2.226655142394547,270.58
TRANSPORTS ET ENTREPOSAGE,MONDIAL RELAY,204.66311751274316,2.209603407842716,904.31
INDUSTRIE MANUFACTURIÈRE,Horiba ABX,111.09005926541855,2.207068459697396,177
ACTIVITÉS DE SCE ADMINISTR  DE SOUTIEN,MAIN SECURITE,11.337593411672346,2.2020148016276924,767
ACTIVITÉS DE SCE ADMINISTR  DE SOUTIEN,Bluelink,11.337593411672346,2.1750969280556336,91
INDUSTRIE MANUFACTURIÈRE,Alcatel Submarine Networks ASN,111.09005926541855,2.170114818759088,1509.09
Prdn  distr élec gaz vap  air cond,CNR,453.26341942164385,2.167028335537175,2904
INDUSTRIE MANUFACTURIÈRE,SISLEY,111.09005926541855,2.131410928757356,568.79
INDUSTRIE MANUFACTURIÈRE,SAFRAN ELECTRICAL  POWER,111.09005926541855,2.120313468274778,1424
COMMERCE  RÉPAR AUTOMOBILE  MOTOCYCLE,SA,10.451564077108435,2.101918000602335,3940
CONSTRUCTION,Bouygues Bâtiment International,36.54854887929035,2.093958250858505,1912.05
ACTIVITÉS FINANCIÈRES ET DASSURANCE,CAISSE DEPARGNE ET DE PREVOYANCE DE RHONE ALPES,0.9862627254439513,2.0928719302166017,2126
COMMERCE  RÉPAR AUTOMOBILE  MOTOCYCLE,Cooperative VIVESCIA,10.451564077108435,2.0873690700097955,6670
COMMERCE  RÉPAR AUTOMOBILE  MOTOCYCLE,Carrefour interentreprises,10.451564077108435,2.0634743300803096,2015
INDUSTRIE MANUFACTURIÈRE,Manitou BF,111.09005926541855,2.0577588440093475,7586
ACT SPÉCIALISÉE SCIENTIFIQ  TECHNIQ,Société des ateliers Louis Vuitton,19.57412416974631,2.043908472479901,2644
INDUSTRIE MANUFACTURIÈRE,VALEO Systèmes de Contrôle Moteur,111.09005926541855,2.0195201484618326,924
ACTIVITÉS FINANCIÈRES ET DASSURANCE,UP,0.9862627254439513,1.9753396384205404,1070
AUTRES ACTIVITÉS DE SERVICES,Xerox SAS,34.512807637621336,1.9639699635928813,579
ACTIVITÉS DE SCE ADMINISTR  DE SOUTIEN,SECURITAS TRANSPORT AVIATION SECURITY SAS,11.337593411672346,1.9458289963082245,84.45
ACT SPÉCIALISÉE SCIENTIFIQ  TECHNIQ,CGG SERVICES SAS,19.57412416974631,1.9291593452325906,438.06
ACT SPÉCIALISÉE SCIENTIFIQ  TECHNIQ,SALOMON SAS,19.57412416974631,1.9222530170272942,507
COMMERCE  RÉPAR AUTOMOBILE  MOTOCYCLE,COMPAGNIE DES GAZ DE PETROLE PRIMAGAZ,10.451564077108435,1.9188501008586765,870.4
INFORMATION ET COMMUNICATION,Thales Global Services SAS,3.7966957841262348,1.9106263138340391,1187.93
ACTIVITÉS FINANCIÈRES ET DASSURANCE,Caisse dEpargne CEPAC,0.9862627254439513,1.8883227445646926,1369
COMMERCE  RÉPAR AUTOMOBILE  MOTOCYCLE,SCC France,10.451564077108435,1.8679615435048968,3337
ACT SPÉCIALISÉE SCIENTIFIQ  TECHNIQ,Carrefour Siège,19.57412416974631,1.857661764636794,414
ACTIVITÉS FINANCIÈRES ET DASSURANCE,SOCIETE GENERALE,0.9862627254439513,1.8224573780129336,40300
TRANSPORTS ET ENTREPOSAGE,Dhl Global Forwarding,204.66311751274316,1.7986714392005692,1015.9
INDUSTRIE MANUFACTURIÈRE,AKWEL SA,111.09005926541855,1.7907323902182934,3356.47
INDUSTRIE MANUFACTURIÈRE,CRYOSTAR,111.09005926541855,1.7547417239543177,605.23
COMMERCE  RÉPAR AUTOMOBILE  MOTOCYCLE,Laboratoire de Biologie Végétale Yves Rocher,10.451564077108435,1.753855664034496,4636
INFORMATION ET COMMUNICATION,AMADEUS sas,3.7966957841262348,1.7520116971463202,1751.84
INFORMATION ET COMMUNICATION,EuroInformation Développements  Groupement informatique CMCIC,3.7966957841262348,1.7429374859041922,766
COMMERCE  RÉPAR AUTOMOBILE  MOTOCYCLE,SAS TAPE A LOEIL,10.451564077108435,1.7335508452707522,286.53
ACTIVITÉS FINANCIÈRES ET DASSURANCE,CRÉDIT AGRICOLE CONSUMER FINANCE,0.9862627254439513,1.7198721262276735,3427
INFORMATION ET COMMUNICATION,SAP FRANCE SA,3.7966957841262348,1.63667635226606,1876
ACTIVITÉS DE SCE ADMINISTR  DE SOUTIEN,ADECCO FRANCE,11.337593411672346,1.6259540792236502,6378
COMMERCE  RÉPAR AUTOMOBILE  MOTOCYCLE,SAS ORGANISATION INTRAGROUPE DES ACHATS  SNC OIA,10.451564077108435,1.6153407071603665,1417
COMMERCE  RÉPAR AUTOMOBILE  MOTOCYCLE,PEPSICO FRANCE,10.451564077108435,1.6107052621088702,1961.36
ACTIVITÉS FINANCIÈRES ET DASSURANCE,Téléassurances,0.9862627254439513,1.603188223290647,119.26
ACTIVITÉS DE SCE ADMINISTR  DE SOUTIEN,ADECCO MEDICAL,11.337593411672346,1.5898199089660752,228
ACTIVITÉS DE SCE ADMINISTR  DE SOUTIEN,ADECCO GROUPE FRANCE,11.337593411672346,1.5893659655595918,480
INFORMATION ET COMMUNICATION,WORLDLINE,3.7966957841262348,1.5867752080193933,4843.79
COMMERCE  RÉPAR AUTOMOBILE  MOTOCYCLE,MSD France,10.451564077108435,1.5850435307527833,2521
ACTIVITÉS FINANCIÈRES ET DASSURANCE,Amundi Asset Management,0.9862627254439513,1.579082732185965,1780.52
INDUSTRIE MANUFACTURIÈRE,FOUNDATION BRAKES FRANCE,111.09005926541855,1.5689852467950538,599
INFORMATION ET COMMUNICATION,ALTEN SA,3.7966957841262348,1.5478325355049984,3623.38
INDUSTRIE MANUFACTURIÈRE,BAXTER FACONNAGE,111.09005926541855,1.534039191524339,43.94
COMMERCE  RÉPAR AUTOMOBILE  MOTOCYCLE,OFFICE DEPOT FRANCE,10.451564077108435,1.5037699985121562,1589.1
INDUSTRIE MANUFACTURIÈRE,SCHNEIDER ELECTRIC INDUSTRIES SAS,111.09005926541855,1.46446031248846,8472
ACTIVITÉS FINANCIÈRES ET DASSURANCE,CAISSE DEPARGNE LANGUEDOCROUSSILLON,0.9862627254439513,1.4521372881280548,653
COMMERCE  RÉPAR AUTOMOBILE  MOTOCYCLE,FNAC,10.451564077108435,1.441330742801945,6029
INFORMATION ET COMMUNICATION,AIXIAL,3.7966957841262348,1.438194099912224,75.37
INDUSTRIE MANUFACTURIÈRE,Coopérative agricole laitière Les Maîtres Laitiers du Cotentin,111.09005926541855,1.4327810064959097,509.28
CONSTRUCTION,INEO AQUITAINE,36.54854887929035,1.427973375901701,178
INFORMATION ET COMMUNICATION,DOCAPOSTE BPO,3.7966957841262348,1.4278821253256084,268
ACTIVITÉS DE SCE ADMINISTR  DE SOUTIEN,CRIT,11.337593411672346,1.4101047087754002,1405
ACTIVITÉS DE SCE ADMINISTR  DE SOUTIEN,Start People,11.337593411672346,1.3768538236052281,946
ACTIVITÉS DE SCE ADMINISTR  DE SOUTIEN,ARMATIS CENTRE,11.337593411672346,1.3586452044442383,14.71
ACT SPÉCIALISÉE SCIENTIFIQ  TECHNIQ,AYMING,19.57412416974631,1.3562965866685386,372
INFORMATION ET COMMUNICATION,Murex,3.7966957841262348,1.341649179740153,628
SANTÉ HUMAINE ET ACTION SOCIALE,SEM,38.179840396068116,1.3197040812875152,54
INFORMATION ET COMMUNICATION,AUSY,3.7966957841262348,1.3107592891760906,405.68
COMMERCE  RÉPAR AUTOMOBILE  MOTOCYCLE,MAXI ZOO FRANCE,10.451564077108435,1.2851905374468087,582
COMMERCE  RÉPAR AUTOMOBILE  MOTOCYCLE,Coopérative Agrial,10.451564077108435,1.2763101418155511,7704.45
COMMERCE  RÉPAR AUTOMOBILE  MOTOCYCLE,MYLAN SAS,10.451564077108435,1.225658428352715,1137.79
ACTIVITÉS FINANCIÈRES ET DASSURANCE,BRED Banque Populaire,0.9862627254439513,1.2142751369761586,1558
INFORMATION ET COMMUNICATION,ALTEN SIR,3.7966957841262348,1.207590413628817,133.83
ACTIVITÉS DE SCE ADMINISTR  DE SOUTIEN,AB Interim,11.337593411672346,1.1591950961410653,18
COMMERCE  RÉPAR AUTOMOBILE  MOTOCYCLE,BIOCOOP SA COOP,10.451564077108435,1.1457659210741327,1072.99
ACT SPÉCIALISÉE SCIENTIFIQ  TECHNIQ,TNT Express France,19.57412416974631,1.1317118467005811,2219.32
INFORMATION ET COMMUNICATION,SEJER,3.7966957841262348,1.106433443607591,441.87
INDUSTRIE MANUFACTURIÈRE,Rockwell collins france,111.09005926541855,1.0620097674687397,322
INFORMATION ET COMMUNICATION,PHARMAGEST INTERACTIVE,3.7966957841262348,1.059655088091107,182
COMMERCE  RÉPAR AUTOMOBILE  MOTOCYCLE,ROCHE SAS,10.451564077108435,1.0264772909389797,1202.37
COMMERCE  RÉPAR AUTOMOBILE  MOTOCYCLE,Maisons du Monde France SAS,10.451564077108435,0.9988808246244212,957.3
ACT SPÉCIALISÉE SCIENTIFIQ  TECHNIQ,Technip France,19.57412416974631,0.9709114414996768,1502
INDUSTRIE MANUFACTURIÈRE,Safran Data Systems,111.09005926541855,0.9558156528134358,254
INDUSTRIE MANUFACTURIÈRE,HERMES SELLIER,111.09005926541855,0.9160264350376219,3195.9
ACT SPÉCIALISÉE SCIENTIFIQ  TECHNIQ,FRANCE TÉLÉVISIONS PUBLICITÉ,19.57412416974631,0.8752367267637389,371
INFORMATION ET COMMUNICATION,SHRS,3.7966957841262348,0.8670550069791425,140
ACTIVITÉS FINANCIÈRES ET DASSURANCE,APRIL Santé Prévoyance,0.9862627254439513,0.8088157115299908,213
CONSTRUCTION,SAIPEM SA,36.54854887929035,0.8029867162115678,733
ACT SPÉCIALISÉE SCIENTIFIQ  TECHNIQ,Egis,19.57412416974631,0.7919940416872095,151
INDUSTRIE MANUFACTURIÈRE,SAFRAN TREANSMISSION SYSTEMS,111.09005926541855,0.7558668607218972,255
COMMERCE  RÉPAR AUTOMOBILE  MOTOCYCLE,Ipsen Pharma,10.451564077108435,0.7093859795884222,1272
INFORMATION ET COMMUNICATION,Eutelsat SA,3.7966957841262348,0.7071856741786176,932
ACTIVITÉS DE SCE ADMINISTR  DE SOUTIEN,Arval Service Lease,11.337593411672346,0.7032989612065521,1410.83
INFORMATION ET COMMUNICATION,Carrefour DSI,3.7966957841262348,0.6963381045426323,397
ACTIVITÉS DE SCE ADMINISTR  DE SOUTIEN,Carrefour Location  bail,11.337593411672346,0.6875586960638019,575
ACTIVITÉS FINANCIÈRES ET DASSURANCE,COFIDIS,0.9862627254439513,0.6702342168361861,826
INDUSTRIE MANUFACTURIÈRE,Cosmétique Active Production,111.09005926541855,0.6599134924469204,207.1
ACTIVITÉS DE SCE ADMINISTR  DE SOUTIEN,Manpower France,11.337593411672346,0.6538833964686291,1959
INFORMATION ET COMMUNICATION,Bayard Presse SA,3.7966957841262348,0.5758378440631118,210
ACTIVITÉS DE SCE ADMINISTR  DE SOUTIEN,Challancin Accueil et Services,11.337593411672346,0.5509109599195969,6.25
ACT SPÉCIALISÉE SCIENTIFIQ  TECHNIQ,THIRIET DISTRIBUTION SAS,19.57412416974631,0.5416940262476581,164.55
INFORMATION ET COMMUNICATION,SBS Sopra Banking Software,3.7966957841262348,0.5207988889623701,126
ACTIVITÉS DE SCE ADMINISTR  DE SOUTIEN,Les Volants,11.337593411672346,0.5204594816963493,8.3
ACTIVITÉS FINANCIÈRES ET DASSURANCE,BNP Paribas Asset Management,0.9862627254439513,0.5103774601704397,540.42
INFORMATION ET COMMUNICATION,OCTO Technology,3.7966957841262348,0.4918882022774003,63.1
COMMERCE  RÉPAR AUTOMOBILE  MOTOCYCLE,TECH DATA,10.451564077108435,0.43749261838435055,1071
ACTIVITÉS DE SCE ADMINISTR  DE SOUTIEN,SYNERGIE,11.337593411672346,0.4357389546536148,959
TRANSPORTS ET ENTREPOSAGE,TN INTERNATIONAL,204.66311751274316,0.4273082599320356,100.47
HÉBERGEMENT ET RESTAURATION,COMPASS GROUP FRANCE,35.39174818344916,0.415564307554546,727
INFORMATION ET COMMUNICATION,TALAN,3.7966957841262348,0.4137397774730272,52.3
INDUSTRIE MANUFACTURIÈRE,Airbus Defence and Space,111.09005926541855,0.38382557731352956,1791
ACTIVITÉS FINANCIÈRES ET DASSURANCE,CREDIT INDUSTRIEL ET COMMERCIAL,0.9862627254439513,0.38022961665693716,1954
INFORMATION ET COMMUNICATION,Groupe Astek,3.7966957841262348,0.3494661264230989,66
INFORMATION ET COMMUNICATION,SYNCHRONE TECHNOLOGIES,3.7966957841262348,0.33795438557970536,42.9
ACTIVITÉS FINANCIÈRES ET DASSURANCE,SAS,0.9862627254439513,0.3362105357881201,86
COMMERCE  RÉPAR AUTOMOBILE  MOTOCYCLE,AYME et fils SAS,10.451564077108435,0.3281263632810312,83
ACT SPÉCIALISÉE SCIENTIFIQ  TECHNIQ,Elis Services,19.57412416974631,0.3169060746131111,97
INDUSTRIE MANUFACTURIÈRE,LATELEC,111.09005926541855,0.3072870294950971,57.56
ACT SPÉCIALISÉE SCIENTIFIQ  TECHNIQ,Sanofi Aventis Groupe,19.57412416974631,0.29320695102685623,1856
ACTIVITÉS DE SCE ADMINISTR  DE SOUTIEN,EcoAct SAS,11.337593411672346,0.2778021433407666,4
ACTIVITÉS FINANCIÈRES ET DASSURANCE,Natixis,0.9862627254439513,0.27203668217903093,3975
INFORMATION ET COMMUNICATION,Sopra Steria,3.7966957841262348,0.25048621037092583,1069
INFORMATION ET COMMUNICATION,ISS,3.7966957841262348,0.24625172578053725,61
HÉBERGEMENT ET RESTAURATION,Elior Restauration Entreprises,35.39174818344916,0.22104918996282596,97.84
ACTIVITÉS FINANCIÈRES ET DASSURANCE,AXA IM PARIS,0.9862627254439513,0.214524627232245,351.01
COMMERCE  RÉPAR AUTOMOBILE  MOTOCYCLE,LABORATOIRE GLAXOSMITHKLINE,10.451564077108435,0.21066057025699625,162.4
INDUSTRIE MANUFACTURIÈRE,espo sud,111.09005926541855,0.19270535298000094,0.36
INDUSTRIE MANUFACTURIÈRE,Airbus sas,111.09005926541855,0.1458879803830546,5835
COMMERCE  RÉPAR AUTOMOBILE  MOTOCYCLE,SIEMENS HEALTHCARE SAS,10.451564077108435,0.12990164177987987,73.15
ACT SPÉCIALISÉE SCIENTIFIQ  TECHNIQ,SAFRAN SA,19.57412416974631,0.11606160616061606,1899
ACTIVITÉS DE SCE ADMINISTR  DE SOUTIEN,Les Compagnons,11.337593411672346,0.08183356079926282,10
COMMERCE  RÉPAR AUTOMOBILE  MOTOCYCLE,Decathlon SE,10.451564077108435,0.07643102455994337,957.64
ACTIVITÉS DE SCE ADMINISTR  DE SOUTIEN,Challancin Prevention Sécurité,11.337593411672346,0.07231923780475775,6.25
ACTIVITÉS DE SCE ADMINISTR  DE SOUTIEN,Elior Services Propreté et Santé,11.337593411672346,0.05488307823551305,23
ACTIVITÉS FINANCIÈRES ET DASSURANCE,PARROT SA,0.9862627254439513,0.04902725083588864,5.66
COMMERCE  RÉPAR AUTOMOBILE  MOTOCYCLE,SANOFIAVENTIS FRANCE,10.451564077108435,0.0457267283614589,84
ACTIVITÉS DE SCE ADMINISTR  DE SOUTIEN,Entreprise Guy Challancin,11.337593411672346,0.03912114700048276,6.25
COMMERCE  RÉPAR AUTOMOBILE  MOTOCYCLE,TOTAL MARKETING FRANCE,10.451564077108435,0.027109037022135282,460.86
COMMERCE  RÉPAR AUTOMOBILE  MOTOCYCLE,ITM Alimentaire International,10.451564077108435,0.01931898514639894,324
ACTIVITÉS FINANCIÈRES ET DASSURANCE,Credit AgricoleSA,0.9862627254439513,0.013017034978121475,946
ACT SPÉCIALISÉE SCIENTIFIQ  TECHNIQ,Air Liquide SA,19.57412416974631,0.012712193983705057,523
ACT SPÉCIALISÉE SCIENTIFIQ  TECHNIQ,ALD SA,19.57412416974631,0.01207948299812768,120
INFORMATION ET COMMUNICATION,SOLUTEC,3.7966957841262348,0.0005764337489647394,0.1
ACT SPÉCIALISÉE SCIENTIFIQ  TECHNIQ,SUEZ Recyclage  Valorisation France siège social,19.57412416974631,0.00008027936802620406,0.02
INDUSTRIE MANUFACTURIÈRE,Goodrich Actuation Systems SAS,111.09005926541855,null,2899